PAYMENT_TYPE,GTIN,POS_DESCRIPTION,CATEGORY,BRAND,PURCHASE_COUNT,TOTAL_SALES,TOTAL_UNITS
DEBIT,0,debitfee,null,null,903310,316158.49999932665,903310
CASH,0,GROCERY,null,null,382948,1024157.8200000622,430674
CASH,0,LOTTO,null,null,292615,3603659.8900000006,297646
CASH,0,LOTTERY,null,null,228914,3351139.35,232016
DEBIT,0,GROCERY,null,null,219607,830655.3700000399,254821
CASH,0,TOBACCO,null,null,104680,431947.730000006,171512
CASH,0,Lotto,null,null,103418,945553.7899999999,103755
CASH,0,ONLINE LOTTO,null,null,102269,1155325.7699999998,102502
DEBIT,0,NO TAX GROC,null,null,86275,516370.57999996823,95836
CREDIT,0,GROCERY,null,null,86198,366812.3499999996,101050
CASH,0,lotto on line,null,null,83511,967404.11,84099
CASH,0,NO TAX GROC,null,null,80666,432927.4399999843,87900
CASH,0,LOTTO PAYOUT,null,null,75245,-1932624.5799999996,75291
CASH,0,LOTTO IN,null,null,72840,1530735.34,73012
CASH,0,Online Lottery,null,null,62618,549185.49,62900
CASH,0,NON GROC,null,null,61523,175553.70000000627,70690
CASH,0,LOTTO SALE,null,null,60583,1028331.6600000001,65792
DEBIT,0,TOBACCO,null,null,59585,454166.55,104302
CREDIT,0,Food Service,null,null,57420,326808.87000000954,72093
DEBIT,0,Food Service,null,null,56052,317577.16000001115,71009
CASH,0,Online Lotto,null,null,54123,557704.6200000001,54331
CASH,0,SCRATCH OFF,null,null,53749,759483.1799999999,54171
CASH,0,Lottery  Sales Winner,null,null,49039,-1301720.82,49047
DEBIT,0,NON GROC,null,null,47856,147446.84000000329,54713
CASH,0,Lottery,null,null,47373,617134.49,47512
CASH,0,Online Payout,null,null,43353,-400062.23,43401
CASH,0,SCRATCH PAID OUT,null,null,42939,-1327580.6600000004,42941
DEBIT,0,LOTTO,null,null,42659,632921.5900000001,44096
EBT,0,GROCERY,null,null,42443,117835.82999999977,51421
CREDIT,0,Grocery tax,null,null,41755,169133.420000009,43271
CREDIT,0,TOBACCO,null,null,41435,242766.49000000948,74248
CASH,0,271 LOTTO,null,null,40296,477990.36,40419
CASH,0,LOTTERY PAYOUT,null,null,40294,-708712.8500000001,40329
CASH,0,GROC,null,null,40082,116194.46999999856,46820
DEBIT,0,SANDWICH,null,null,37557,312403.5400000112,41672
CASH,0,Money Order,null,null,36808,4766640.529999902,40118
CASH,0,Grocery no tax,null,null,35832,102723.92999999899,36250
CASH,0,LOTTO Scratch,null,null,35411,719150.23,39128
CASH,0,LOTTERY P/O,null,null,34762,-1009101.5499999999,34764
CASH,0,Powerball,null,null,34749,302063.47,34942
CASH,0,INSTANT LOTTERY,null,null,34472,481065.67999999993,35589
CASH,0,Grocery tax,null,null,34440,117731.50000000017,35170
CASH,0,Food Service,null,null,33018,176877.58000000403,42082
CASH,0,NON TAX GROCRY,null,null,32451,283222.70999999874,37084
CASH,0,Grocery,null,null,32419,190978.5700000043,37624
CASH,0,LOTTERY PAYOUTS,null,null,32375,-1032136.47,32377
CASH,0,BEER,null,null,30443,190570.1300000052,38007
CASH,0,LOTTO Machine,null,null,29896,373937.63,30022
CREDIT,0,Grocery no tax,null,null,29805,98846.91999999895,30457
CASH,0,SANDWICH,null,null,29760,233170.8500000157,32420
CASH,0,LOTTO PAY OUT,null,null,29437,-1159165.23,29437
CASH,0,FOOD BAR/DELI,null,null,28579,112677.2799999953,30086
CASH,0,LOTTO-OUT,null,null,28548,-1287051.12,28548
CASH,0,Lottery Paid Out,null,null,28492,-467273.37,28528
CASH,0,Lottery Payout,null,null,27064,-732158.43,27065
CASH,0,LTTRY PAYOUT,null,null,26223,-597448.1699999999,26223
CREDIT,0,NO TAX GROC,null,null,24162,142323.4999999992,27046
CASH,0,TAX GROC,null,null,23010,84414.41999999872,27483
CASH,0,OTHER TOBACCO,null,null,22513,70121.49999999767,32455
CASH,0,Hot Food Service,null,null,21918,52260.68000000003,32842
CASH,0,LOTTERY PAY OUT,null,null,21732,-480240.54,21734
DEBIT,0,GROC,null,null,21563,72338.05999999895,25961
CASH,0,Tobbacco,null,null,21484,41603.14999999899,30376
CASH,0,LOTTO ONLINE,null,null,21483,214042.35000000003,21523
CASH,0,ON LINE LOTTERY,null,null,21273,171789.52,21418
CASH,0,Lottery On-Line,null,null,21064,319891.69999999995,21092
CASH,0,Lottery Online,null,null,21033,221192.71,21208
CREDIT,0,FOOD BAR/DELI,null,null,20996,86104.90999999669,22186
CASH,0,COFFEE,null,null,20881,32509.42999999915,21753
CASH,0,LOTTO Cash,null,null,20414,-520885.7799999999,20414
CASH,0,TAX GROCERY,null,null,20387,82604.76999999872,26001
DEBIT,0,FOOD BAR/DELI,null,null,20101,82352.54999999685,21522
CASH,0,LOTTO-ONLINE,null,null,20068,226989.8,20068
CASH,0,FOUNTAIN,null,null,19995,22621.72999999996,21258
DEBIT,0,Hot Food Service,null,null,19977,49203.47999999978,29367
CASH,0,GENERAL MERCHANDISE,null,null,19708,134003.46999999872,21695
DEBIT,0,LOTTERY,null,null,18646,212704.98000000004,19359
CASH,0,ICE,null,null,18481,57495.579999998496,22065
DEBIT,0,Grocery tax,null,null,17817,71631.30999999869,18351
CASH,0,GROC TAX,null,null,17754,73484.57999999917,23053
CREDIT,0,GROC,null,null,17527,56028.17999999927,20890
DEBIT,0,GENERAL MERCHANDISE,null,null,17156,133370.16999999882,18806
CASH,0,INSTANT PO,null,null,17103,-463805.4,17104
CASH,0,GROCERY NON-TAX,null,null,16822,18003.609999999986,17403
CASH,0,ONLINE LOTTERY,null,null,16591,212860.57,17434
CASH,0,SCRATCH TICKET,null,null,16340,213589.32,17666
DEBIT,0,Powerball,null,null,16211,125421.13,16230
DEBIT,0,Grocery,null,null,16002,137169.9099999997,18460
CREDIT,0,OTHER Tobacco,null,null,15665,217478.80000000718,18337
CASH,0,Lotto Paid out,null,null,15078,-226095.58000000002,15085
CASH,0,Lotto Online,null,null,14799,92239.68,14812
DEBIT,0,TAX GROCERY,null,null,14664,78026.61999999869,20375
CASH,0,LOTTO PO,null,null,14362,-409382.22,14363
DEBIT,0,Grocery no tax,null,null,14069,44122.58999999902,14253
CASH,0,LOTTO SCRATCH,null,null,13794,193240.2,14000
CREDIT,0,OTHER TOBACCO,null,null,13716,96556.05999999878,21094
DEBIT,0,Lotto,null,null,13601,136861.03999999998,13661
CASH,0,NON TAX GROCERY,null,null,13090,22935.050000000017,13573
CASH,0,LOTTERY PAID OUT,null,null,13081,-350939.54000000004,13081
CASH,0,MEGABUCKS,null,null,13048,150233.75,13067
CASH,0,SNACKS,null,null,12543,36999.06999999944,14567
CASH,0,LOTTO P/O,null,null,12532,-415898.6000000001,12532
CASH,0,LOTTERY PD OUT,null,null,12308,-413656.93000000005,12308
CASH,0,LotteryOnline,null,null,12256,180144.24,12257
CASH,0,DELI OTHER,null,null,12053,69004.26999999874,13512
DEBIT,0,VAPE,null,null,11870,221541.1500000026,12821
CREDIT,0,NON GROC,null,null,11819,38080.349999999686,13603
DEBIT,0,Trans Fee,null,null,11717,0,11717
CREDIT,0,GROC TAX,null,null,11628,65571.72999999925,16347
DEBIT,0,BEER,null,null,11504,82345.1199999996,15424
CASH,0,Grocery Non Tax,null,null,11188,22108.610000000095,12778
CASH,0,NON TAX GROC,null,null,11086,39192.039999999884,11609
CASH,0,BEER & WINE,null,null,11035,54254.91999999944,17965
CREDIT,0,Grocery,null,null,10845,64114.46999999927,13080
DEBIT,0,ONLINE LOTTO,null,null,10776,160785.48,10784
CREDIT,0,Powerball,null,null,10736,123993.20000000001,10777
CREDIT,0,GENERAL MERCHANDISE,null,null,10634,97985.48999999902,12058
CASH,0,BOTTLE RETURN,null,null,10576,-195243.79,10595
CASH,0,Lottery Paid out,null,null,10331,-179170,10331
DEBIT,0,GROC TAX,null,null,10199,64863.34999999929,13058
CASH,0,TAX GROCRY,null,null,10146,67097.36999999927,12802
CASH,0,CANDY,null,null,10035,19982.93999999995,11604
CASH,0,OTHER Tobacco,null,null,9885,94870.72999999864,11087
DEBIT,0,OTHER TOBACCO,null,null,9854,67452.2699999989,14969
CASH,0,Lotto Pay Out,null,null,9791,-140835.24000000002,9803
CASH,0,EDIBLE GROCERY N,null,null,9754,22064.140000000054,10252
CASH,0,KRISPY KRUNCHY,null,null,9611,48253.29999999955,10436
CREDIT,0,SANDWICH,null,null,9570,84105.30999999857,10785
CASH,0,LOTTOONLINE,null,null,9522,89495.65000000001,9524
CASH,0,MACHINE LOTTERY,null,null,9432,88539.84,9446
LOTTERY,0,LOTTO,null,null,9262,193431.41000000003,9329
CASH,0,NEWS PAPER,null,null,9143,24167.869999999988,9174
CASH,0,NONTAX GROC,null,null,9131,31221.679999999946,9877
CASH,0,ONLINE LOTO,null,null,9004,85878.6,9008
CASH,0,Coupon,null,null,8940,-10106.670000000004,9839
CASH,0,SCRATCH WIN,null,null,8926,-171906.39,8930
DEBIT,0,ICE,null,null,8897,30364.219999999783,11163
CREDIT,0,BEER,null,null,8639,71316.17999999964,11001
CREDIT,0,BEER & WINE,null,null,8457,67213.3799999991,11879
DEBIT,0,NON TAX GROCRY,null,null,8315,206759.97000000044,15031
DEBIT,0,SNACKS,null,null,8313,30127.159999999698,9824
CASH,0,SUBS,null,null,8189,34570.07999999978,11359
CASH,0,GROCERY NT,null,null,8096,41836.269999999786,9754
LOTTERY,0,Online Lottery,null,null,8055,107586.81,8064
CASH,0,ONLINE,null,null,8008,71209.28,8029
DEBIT,0,PRODUCE,null,null,7947,18004.359999999964,9005
CREDIT,0,Tobbacco,null,null,7914,20114.649999999856,12272
CASH,0,POWERBALL,null,null,7755,67254.52,7767
DEBIT,0,OTHER Tobacco,null,null,7697,98606.16999999879,8895
CASH,0,MISC,null,null,7694,17240.27999999998,8598
DEBIT,0,SUBS,null,null,7663,35838.36999999975,10819
CREDIT,0,TAX GROCERY,null,null,7650,53715.72999999927,10591
DEBIT,0,Online Lottery,null,null,7633,89664.45,7657
DEBIT,0,TAX GROCRY,null,null,7361,86868.2999999994,11034
DEBIT,0,Chicken,null,null,7284,53943.16999999985,7331
CREDIT,0,Coupon,null,null,7208,-8393.729999999998,8300
CREDIT,0,ICE,null,null,7155,32206.149999999823,12000
CASH,0,Chicken,null,null,7148,50662.41999999987,7195
DEBIT,0,Deli Hot,null,null,7138,56907.31999999919,7556
CASH,0,VAPE,null,null,6887,104177.27999999934,7312
CASH,0,LOTTO-PO,null,null,6867,-122587.06,6867
CASH,0,Bag Fee,null,null,6738,712.6000000000121,6738
CASH,0,grocery,null,null,6645,20619.959999999923,7644
DEBIT,0,GENERAL GROCERY,null,null,6632,35028.61999999955,9526
CREDIT,0,LOTTO,null,null,6589,66393.23999999999,6761
CASH,0,Lottery PO,null,null,6586,-95804,6589
DEBIT,0,FOUNTAIN,null,null,6486,8131.45000000003,6974
CREDIT,0,ONLINE LOTTO,null,null,6396,86520.04,6398
DEBIT,0,EDIBLE GROCERY N,null,null,6393,23228.219999999892,6943
CREDIT,0,Cigarette,null,null,6371,110244.05999999895,7245
CASH,0,PRODUCE,null,null,6295,14559.840000000015,7403
DEBIT,0,ON LINE LOTTERY,null,null,6237,77946.8,6276
CREDIT,0,VAPE,null,null,6159,114608.41999999933,6918
CASH,0,GROCERY N/TAX,null,null,6150,18368.329999999976,6449
DEBIT,0,Coupon,null,null,6085,-7641.009999999999,7242
CASH,0,GENERAL GROCERY,null,null,6069,24982.089999999764,7840
DEBIT,0,CANDY,null,null,5971,15876.430000000006,7139
CASH,0,General Merchandise,null,null,5945,25938.049999999785,7087
CASH,0,HOT FOODS,null,null,5877,28433.19999999959,6037
DEBIT,0,NON TAX GROCERY,null,null,5868,6796.480000000013,6149
CASH,0,BEER WINE,null,null,5863,23791.23999999991,8013
CASH,0,CIG PACK,null,null,5709,13587.330000000045,9356
CREDIT,0,LOTTERY,null,null,5540,106624.36,5590
CASH,0,LOTTERY PAID  OUT,null,null,5519,-176416.56,5519
CASH,0,NOVELTY,null,null,5455,35423.379999999546,6210
DEBIT,0,BEER & WINE,null,null,5451,44769.06999999956,8022
CASH,0,CIGARETTES,null,null,5441,38650.349999999766,7876
EBT,0,NO TAX GROC,null,null,5420,47788.22999999956,6128
CREDIT,0,COFFEE,null,null,5397,9602.780000000032,5714
CASH,0,Cigarette,null,null,5390,75281.77999999931,6052
DEBIT,0,Cigarette,null,null,5377,115060.039999999,6174
CREDIT,0,Lotto,null,null,5299,53801.52999999999,5342
DEBIT,0,Lottery  Sales Winner,null,null,5299,-75068.02,5299
DEBIT,0,COFFEE,null,null,5293,8573.959999999986,5559
CASH,0,Beer,null,null,5199,37487.32999999977,6130
CASH,0,Tobacco,null,null,5169,33292.53999999973,7929
CREDIT,0,Beer,null,null,5137,56622.48999999971,5947
DEBIT,0,CIGARETTES,null,null,5039,68870.33999999966,7380
DEBIT,0,HOT FOODS,null,null,5036,25898.27999999968,5217
CASH,0,debitfee,null,null,4909,1718.1499999999821,4909
CREDIT,0,CANDY,null,null,4724,12767.190000000004,5562
CREDIT,0,Lottery,null,null,4720,69322.53,4737
CREDIT,0,ONLINE,null,null,4711,48828.54,4723
DEBIT,0,Bag Fee,null,null,4683,443.4900000000051,4683
CASH,0,Deli Hot,null,null,4669,33408.02999999963,4845
DEBIT,0,Lottery Online,null,null,4665,84946.32,4674
DEBIT,0,E-cig,null,null,4649,142721.18199999986,4649
CASH,0,Liquor,null,null,4585,38157.609999999855,5317
DEBIT,0,TAX GROC,null,null,4580,20882.289999999914,5118
CASH,0,HOT FOOD,null,null,4568,16075.600000000026,4699
DEBIT,0,Online Lotto,null,null,4566,64364.149999999994,4614
CASH,0,NOVELTIES,null,null,4564,45428.559999999496,5007
DEBIT,0,ENERGY DRINKS,null,null,4516,24508.459999999977,4995
CREDIT,0,Grocery Non Tax,null,null,4474,13560.670000000004,5799
CASH,0,LIQUOR,null,null,4424,23386.649999999903,8083
CASH,0,GENMERCHNT,null,null,4423,20119.44999999999,4810
CASH,0,LOTTERY P O,null,null,4379,-145123.41,4379
CREDIT,0,SNACKS,null,null,4364,10955.660000000014,5120
CASH,0,GROCERY TAX,null,null,4226,14560.540000000014,4966
CASH,0,GROCNT,null,null,4198,19643.509999999984,4678
CREDIT,0,General Merchandise,null,null,4168,21473.879999999892,5038
DEBIT,0,KRISPY KRUNCHY,null,null,4167,21582.229999999894,4560
DEBIT,0,Lotto Online,null,null,4158,34137.56,4182
CREDIT,0,KRISPY KRUNCHY,null,null,4127,21011.669999999904,4512
CASH,0,Lotto Paid Out,null,null,4056,-54259.520000000004,4059
DEBIT,0,GROCERY N/TAX,null,null,4055,19436.96999999998,4698
CASH,0,GROC..,null,null,4023,11391.550000000012,4639
DEBIT,0,GROCERY NT,null,null,4005,27125.199999999913,5406
DEBIT,0,GENERAL,null,null,3942,21885.4499999999,4049
CASH,0,LOTTERYPAYOUT,null,null,3928,-40710.7,3928
EBT,0,PRODUCE,null,null,3905,9617.630000000014,4288
CASH,0,Online,null,null,3890,43173.78,3894
DEBIT,0,Tobbacco,null,null,3872,14964.659999999985,6890
CREDIT,0,grocery,null,null,3850,15321.46000000002,4690
CASH,0,GRILL,null,null,3837,17363.480000000032,5042
CREDIT,0,Bag Fee,null,null,3832,375.79000000000286,3832
CREDIT,0,SUBS,null,null,3799,18327.100000000024,5595
CASH,0,CIGS,null,null,3785,16663.720000000023,7160
EBT,0,SANDWICH,null,null,3746,39881.999999999585,4419
CASH,0,NEWSPAPER,null,null,3746,9227.23,3777
CASH,0,ENERGY DRINKS,null,null,3737,18155.039999999986,4285
DEBIT,0,GROC..,null,null,3652,11383.140000000014,4415
CASH,0,Novelty,null,null,3632,29360.00999999974,4317
CASH,0,LOTTRY,null,null,3626,29598.5,3924
CREDIT,0,Hot Food Service,null,null,3611,8756.42,5229
CASH,0,LOTTO PAID OUT,null,null,3558,-80679.41000000002,3562
CREDIT,0,GENERAL MERCH,null,null,3518,25011.909999999865,5035
CASH,0,Lotto Sale,null,null,3498,58946,3503
EBT,0,GROC,null,null,3440,23724.10999999994,4213
CASH,0,Online Lotto PO,null,null,3423,-36068,3427
CREDIT,0,NON TAX GROCRY,null,null,3406,137284.76000000004,7243
CASH,0,Lottery OnLine Payou,null,null,3405,-84891,3406
DEBIT,0,LOTTERY PAYOUTS,null,null,3380,-45230.3,3380
DEBIT,0,grocery,null,null,3332,11660.150000000012,3945
DEBIT,0,GROCERIES,null,null,3322,26009.249999999927,3846
CASH,0,LOW GROC,null,null,3320,12360.39000000002,3794
LOTTERY,0,LOTTERY,null,null,3296,42628.23,3305
DEBIT,0,Lottery,null,null,3264,45005.189999999995,3272
DEBIT,0,GENERAL MERCH,null,null,3226,23523.40999999991,4721
CASH,0,ON LINE LOTTO,null,null,3226,22796.989999999998,3232
CASH,0,LOTTERY PAY-OUT,null,null,3221,-102191.19,3221
CREDIT,0,Deli Hot,null,null,3206,28616.57999999979,3544
CASH,0,GENERAL MERCH,null,null,3200,16625.650000000005,3775
DEBIT,0,GROCERY NON-TAX,null,null,3187,5648.220000000005,3434
DEBIT,0,LOTTO PAYOUT,null,null,3181,-40792.68,3182
CASH,0,GENERAL,null,null,3168,15770.280000000006,3280
CASH,0,Instant Ticket Payou,null,null,3164,-71058,3169
CASH,0,GROC T,null,null,3151,16614.410000000018,3975
CASH,0,GROCERY LOW TAX,null,null,3143,6015.090000000001,3226
CASH,0,LOTTERY PAID OUTS,null,null,3114,-63090,3114
DEBIT,0,General Merchandise,null,null,3027,19942.289999999943,3708
DEBIT,0,MISC,null,null,3021,8593.700000000008,3554
DEBIT,0,MEGABUCKS,null,null,3006,67537.69,3010
CASH,0,GROCERIES,null,null,2991,11582.440000000011,3418
CASH,0,Food,null,null,2969,5921.580000000005,3527
CASH,0,PACK CIGS,null,null,2966,22393.40999999996,7254
CREDIT,0,MISC,null,null,2935,7926.730000000005,3370
DEBIT,0,BEER WINE,null,null,2929,17768.689999999988,4076
CREDIT,0,GRILL,null,null,2913,12293.750000000038,3657
CREDIT,0,ENERGY DRINKS,null,null,2911,16264.999999999993,3339
CREDIT,0,TAX GROCRY,null,null,2902,36698.69999999985,4849
CREDIT,0,CIGARETTES,null,null,2852,36182.629999999896,4505
DEBIT,0,NOVELTIES,null,null,2833,44335.69999999966,3194
HOUSE ACCOUNT,0,SNACKS,null,null,2830,13563.749999999984,3392
CASH,0,GROC TX,null,null,2806,14311.110000000017,3536
CREDIT,0,Tobacco,null,null,2796,23715.979999999927,4541
CASH,0,CIGGS,null,null,2768,16862.70000000001,4151
CASH,0,CIGARS,null,null,2741,11568.980000000027,7142
DEBIT,0,NOVELTY,null,null,2714,22696.089999999902,3368
CASH,0,BEER/WINE,null,null,2701,24625.689999999875,3085
DEBIT,0,LOTTERY PAYOUT,null,null,2700,-32987.97,2701
DEBIT,0,LOTTO SCRATCH,null,null,2663,133981.34999999998,2703
DEBIT,0,Deli Cold,null,null,2662,18666.39999999995,2724
CASH,0,Ice,null,null,2658,6171.540000000008,3009
CASH,0,Grocery Tax,null,null,2656,22213.309999999947,3097
CASH,0,GEN,null,null,2634,9041.340000000007,3115
CREDIT,0,NOVELTY,null,null,2587,22387.639999999905,3008
DEBIT,0,Lottery Payout,null,null,2580,-33990,2580
CASH,0,SCRATCH OFF LOTTERY,null,null,2576,32825.57,2699
CASH,0,ICE CREAM,null,null,2560,13031.820000000002,2709
CASH,0,SCRATCH PAYOUT,null,null,2555,-53020.17999999999,2602
CASH,0,WATER,null,null,2555,13411.540000000005,2629
CASH,0,Lotto PO,null,null,2553,-32318.58,2553
DEBIT,0,Grocery Non Tax,null,null,2544,8062.710000000003,3493
CASH,0,LOTTERY SCRATCH P/O,null,null,2510,-37100.08,2510
DEBIT,0,Tobacco,null,null,2489,26375.219999999903,4189
CREDIT,0,GENERAL,null,null,2478,13450.580000000013,2600
DEBIT,0,LOTTO IN,null,null,2476,62692.53,2495
CASH,0,CHIPS,null,null,2457,7484.950000000017,2757
DEBIT,0,CIG PACK,null,null,2454,9519.140000000014,5421
CREDIT,0,ICE CREAM,null,null,2448,15266.110000000008,2629
DEBIT,0,Beer,null,null,2444,23394.58999999993,2927
CASH,0,FOUNTAIN DRINK,null,null,2442,4969.500000000013,2656
CASH,0,Candy,null,null,2432,4451.620000000003,3226
DEBIT,0,GROCERY TAX,null,null,2421,10494.580000000009,3005
DEBIT,0,GRILL,null,null,2409,10442.820000000029,3239
CASH,0,Coffee,null,null,2397,4335.210000000006,2550
DEBIT,0,CHIPS,null,null,2360,7082.950000000014,2584
CASH,0,BILL PAY,null,null,2334,234106.11,2334
CASH,0,misc,null,null,2326,17189.67,3120
DEBIT,0,CIGGS,null,null,2309,34017.479999999836,3313
DEBIT,0,LIQUOR,null,null,2304,17856.040000000008,5959
DEBIT,0,GROC T,null,null,2274,18351.559999999983,2972
CASH,0,DELI HOT,null,null,2274,8501.290000000006,2342
CREDIT,0,NOVELTIES,null,null,2266,31552.06999999981,2803
DEBIT,0,Lotto Pay Out,null,null,2257,-36862.5,2264
DEBIT,0,Lottery Paid Out,null,null,2187,-26182.04,2187
CASH,0,NEWS,null,null,2175,4051.35,2188
CASH,0,breakfast,null,null,2172,7499.890000000011,2560
DEBIT,0,ONLINE,null,null,2162,18342,2172
EBT,0,Grocery Non Tax,null,null,2152,5431.200000000003,2565
DEBIT,0,ONLINE LOTTERY,null,null,2127,30824.3,2144
CREDIT,0,SERVICE FEE,null,null,2111,750.5699999999977,2111
CREDIT,0,LOW GROC,null,null,2101,15232.220000000016,2563
CREDIT,0,PRODUCE,null,null,2065,4531.560000000005,2351
CASH,0,Money Orders,null,null,2045,273119.3100000005,2110
CREDIT,0,BEER WINE,null,null,2032,9648.579999999996,2969
CASH,0,COUPON,null,null,1974,-4526.630000000005,1983
CREDIT,0,breakfast,null,null,1967,7793.860000000006,2498
CASH,0,CIG CTN,null,null,1958,83622.5299999997,2156
CASH,0,Deli Cold,null,null,1956,13041.66999999999,2023
CASH,0,HIGH GROC,null,null,1931,13291.630000000014,2622
CREDIT,0,HOT FOODS,null,null,1902,9984.140000000012,1963
CASH,0,GROC NOTAX,null,null,1901,5264.840000000007,2005
CREDIT,0,FOUNTAIN,null,null,1899,2489.9300000000003,2062
CASH,0,DELI LUNCH,null,null,1873,6266.180000000006,1943
CREDIT,0,GENERAL GROCERY,null,null,1854,11277.71000000001,2472
CREDIT,0,Grocery Tax,null,null,1849,15106.60000000001,2218
CASH,0,fountain,null,null,1832,4204.850000000004,2043
DEBIT,0,HOT FOOD,null,null,1831,6424.189999999999,1881
CREDIT,0,TAX GROC,null,null,1788,10842.96000000001,2199
CREDIT,0,Liquor,null,null,1767,29922.10999999995,2164
CREDIT,0,Lottery  Sales Winner,null,null,1764,-15629,1764
DEBIT,0,LOTTO ONLINE,null,null,1763,15973.84,1763
CASH,0,Cigarettes,null,null,1743,15694.750000000015,2402
CREDIT,0,LOTTERY PAYOUTS,null,null,1735,-21578,1735
CREDIT,0,NON TAX GROC,null,null,1734,14776.520000000008,1954
CREDIT,0,CIGS,null,null,1730,12165.240000000002,4458
DEBIT,0,Coffee,null,null,1728,3742.750000000006,1936
CASH,0,PIZZA,null,null,1722,7305.5300000000125,1889
DEBIT,0,GROCNT,null,null,1710,13433.130000000006,2021
CASH,0,ONLINE WIN,null,null,1698,-18092,1698
DEBIT,0,GROC TX,null,null,1693,12186.760000000011,2122
DEBIT,0,GROC NOTAX,null,null,1678,5101.530000000008,1824
DEBIT,0,breakfast,null,null,1665,6170.150000000003,1964
DEBIT,0,CIGS,null,null,1662,13014.660000000009,3545
CREDIT,0,Lottery Paid Out,null,null,1659,-20091.3,1670
CASH,0,E-cig,null,null,1649,47771.68899999979,1649
CASH,0,EDIBLE GROCERY,null,null,1645,5366.630000000003,1778
DEBIT,0,PIZZA,null,null,1628,6350.820000000012,1812
LOTTERY,0,INSTANT LOTTERY,null,null,1625,31769,1625
CASH,0,Fountain Drinks,null,null,1621,3034.440000000005,1696
CASH,0,Licenses,null,null,1615,48155.74,1615
DEBIT,0,DELI OTHER,null,null,1612,9759.550000000008,1865
CASH,0,Fountain,null,null,1601,1803.819999999999,1677
CREDIT,0,GROCERY NON-TAX,null,null,1592,4061.800000000002,1749
DEBIT,0,POWERBALL,null,null,1589,17651.010000000002,1589
DEBIT,0,LOW GROC,null,null,1571,17431.98,1809
CREDIT,0,GROCERY NT,null,null,1570,13104.430000000002,2029
DEBIT,0,INSTANT LOTTERY,null,null,1563,37972.19,1787
CASH,0,LOTTERY WIN,null,null,1561,-34830.37,1562
HOUSE ACCOUNT,0,GROCERY,null,null,1537,10142.460000000006,1854
DEBIT,0,Liquor,null,null,1530,20302.399999999983,1781
CASH,0,SNACK,null,null,1509,4981.870000000005,1728
DEBIT,0,Food,null,null,1504,3567.800000000001,1821
CREDIT,0,misc,null,null,1481,13571.76000000001,2146
CASH,0,Taxable Grocery,null,null,1441,6449.450000000004,1621
DEBIT,0,misc,null,null,1435,14095.33000000001,2449
CASH,0,PUBLICATIONS,null,null,1403,3173.24,1431
DEBIT,0,GENMERCHNT,null,null,1400,8937.78,1597
CREDIT,0,GENMERCHNT,null,null,1385,11202.92,1649
DEBIT,0,271 LOTTO,null,null,1383,48920,1386
DEBIT,0,GEN,null,null,1357,8013.030000000003,1707
CREDIT,0,LOTTO SCRATCH,null,null,1345,133063.53,1370
CASH,0,Lotto Winner,null,null,1328,-21577,1328
DEBIT,0,Grocery Tax,null,null,1322,13681.570000000009,1611
DEBIT,0,Ice,null,null,1300,3708.2000000000044,1583
CREDIT,0,CIG CTN,null,null,1296,58423.74999999982,1481
CREDIT,0,GROC..,null,null,1293,3933.850000000003,1544
CASH,0,GROC H,null,null,1290,10002.910000000009,1435
CASH,0,Mega Millions,null,null,1289,5081,1289
CREDIT,0,Chicken,null,null,1285,9749.970000000005,1300
CASH,0,150 SALTY SNACKS,null,null,1266,2598.0099999999998,1849
CASH,0,Vapes,null,null,1264,23299.17999999993,1320
CREDIT,0,Deli Cold,null,null,1251,9027.020000000002,1306
EBT,0,SNACKS,null,null,1237,3466.8600000000015,1542
CASH,0,HOT DELI,null,null,1218,3084.760000000004,1361
CASH,0,Lottery Winner,null,null,1212,-31733,1212
DEBIT,0,ICE CREAM,null,null,1205,6788.770000000002,1276
HOUSE ACCOUNT,0,VAPE,null,null,1183,26538.479999999996,1219
CASH,0,NT-GROCERY,null,null,1172,3785.600000000003,1300
CREDIT,0,GROCNT,null,null,1165,8404.290000000003,1335
CASH,0,Soda Fountain,null,null,1165,2161.4000000000015,1309
CREDIT,0,EDIBLE GROCERY N,null,null,1164,4434.510000000004,1281
CASH,0,COLD DELI,null,null,1163,1551.0900000000001,1197
CREDIT,0,COUPON,null,null,1138,-2928.560000000002,1145
CASH,0,GROC NO TAX,null,null,1138,10571.960000000003,1227
CREDIT,0,LOTTERY PAYOUT,null,null,1126,-18479,1127
CREDIT,0,GROCERY TAX,null,null,1126,5241.890000000004,1386
CASH,0,SCRATCH,null,null,1113,12620.29,1255
DEBIT,0,HIGH GROC,null,null,1110,11985.300000000007,1602
EBT,0,Hot Food Service,null,null,1100,2836.4699999999993,1781
DEBIT,0,LOTTO PO,null,null,1094,-14761.28,1094
CREDIT,0,LIQUOR,null,null,1089,9657.230000000003,2388
DEBIT,0,COUPON,null,null,1086,-2607.21,1101
EBT,0,GROC TAX,null,null,1084,3544.8000000000015,1322
CREDIT,0,HIGH GROC,null,null,1082,9493.130000000006,1476
CASH,0,CIGS PACK,null,null,1077,6330.430000000004,2455
DEBIT,0,DELI HOT,null,null,1071,3914.0800000000054,1109
DEBIT,0,Cigarettes,null,null,1067,16171.310000000003,1483
DEBIT,0,HOT DELI,null,null,1062,2564.2400000000025,1135
LOTTERY,0,LOTTRY,null,null,1062,14299,1201
CREDIT,0,Online Lottery,null,null,1052,8384.95,1060
CASH,0,TACKLE,null,null,1049,5639.000000000001,1526
DEBIT,0,Breakfast,null,null,1049,4124.330000000005,1103
CASH,0,Cigars,null,null,1043,2906.989999999997,1723
CASH,0,BOTTLE RETURNS,null,null,1042,-629.54,1042
DEBIT,0,CIGARS,null,null,1034,6360.140000000007,3501
CREDIT,0,Taxable Grocery,null,null,1033,7526.920000000005,1165
EBT,0,WATER,null,null,1033,11177.35,1036
CREDIT,0,GROCERY N/TAX,null,null,1024,5705.390000000002,1157
CASH,0,CIG PK,null,null,1018,4201.750000000001,1756
CASH,0,STORE COUPON,null,null,1015,-3462.4400000000005,1015
CASH,0,Fast Food,null,null,1012,2677.9499999999985,1068
CREDIT,0,Ice,null,null,1003,3301.890000000002,1310
CREDIT,0,FOUNTAIN DRINK,null,null,1000,2064.8100000000018,1109
CREDIT,0,ALCOHOL,null,null,997,11424.21000000001,1560
CREDIT,0,Lotto Online,null,null,985,6143,986
CREDIT,0,Packaged Beverage,null,null,984,4157.350000000002,1170
CREDIT,0,Candy,null,null,978,2337.2599999999998,1383
CREDIT,0,GROCERIES,null,null,971,12449.100000000004,1094
CREDIT,0,CIG PACK,null,null,964,5271.480000000003,1841
DEBIT,0,NON TAX GROC,null,null,944,7659.120000000003,1079
DEBIT,0,Fast Food,null,null,942,2505.4099999999994,1029
DEBIT,0,Candy,null,null,941,2326.2799999999997,1330
DEBIT,0,EDIBLE GROCERY,null,null,933,3537.2600000000016,1073
CASH,0,ice,null,null,930,2970.819999999998,1087
CASH,0,GEN MERCH NT,null,null,930,2786.350000000002,993
CASH,0,ice bag,null,null,921,2725.9100000000035,1052
CREDIT,0,ice bag,null,null,916,3498.9800000000046,1346
DEBIT,0,WATER,null,null,902,4108.190000000002,979
CASH,0,Breakfast,null,null,895,3501.6700000000037,941
CREDIT,0,WATER,null,null,881,4636.680000000002,965
DEBIT,0,LOTTERY P/O,null,null,868,-12672,868
DEBIT,0,Novelty,null,null,866,6122.620000000005,1087
DEBIT,0,LOTTERYPAYOUT,null,null,865,-7036,865
HOUSE ACCOUNT,0,GEN,null,null,861,3479.6800000000017,953
CASH,0,LOTTO ONLINE P/O,null,null,861,-6112,861
CREDIT,0,Food,null,null,861,2235.2500000000005,1073
CREDIT,0,CHIPS,null,null,851,2604.03,954
DEBIT,0,LOTTO PAY OUT,null,null,850,-12855.5,850
DEBIT,0,NEWS PAPER,null,null,843,2470.92,851
CASH,0,deli no tax,null,null,842,1907.3799999999992,860
CREDIT,0,E-cig,null,null,839,26202.266999999945,839
DEBIT,0,Lottery On-Line,null,null,831,17796,831
CREDIT,0,GROC TX,null,null,825,6022.470000000003,1048
DEBIT,0,BEER/WINE,null,null,822,7904.080000000004,1065
CREDIT,0,GROCERY LOW TAX,null,null,814,2161.9000000000005,861
DEBIT,0,FOUNTAIN DRINK,null,null,804,1659.1000000000006,895
DEBIT,0,GROCERY LOW TAX,null,null,800,2351.7700000000004,857
CREDIT,0,NON TAX GROCERY,null,null,795,1744.6200000000008,827
DEBIT,0,LOTTERY PAY OUT,null,null,793,-7503.469999999999,793
DEBIT,0,TACKLE,null,null,786,4067.790000000001,1133
CASH,0,GROCERY FOOD,null,null,784,1916.6800000000007,902
DEBIT,0,ON LINE LOTTO,null,null,780,7006.6,780
CREDIT,0,MEGABUCKS,null,null,779,7023,781
CARD,0,LOTTERY,null,null,778,8320.25,780
DEBIT,0,GROC NO TAX,null,null,776,7389.970000000003,826
DEBIT,0,CIGS PACK,null,null,773,8313.930000000002,1970
DEBIT,0,SERVICE FEE,null,null,771,407.3999999999999,774
CREDIT,0,GEN,null,null,770,3448.3000000000006,971
CASH,0,Grocery NonTax,null,null,763,1972.000000000001,856
CREDIT,0,GEN MERCH NT,null,null,761,2923.590000000002,801
DEBIT,0,Taxable Grocery,null,null,760,4331.890000000002,851
DEBIT,0,NT-GROCERY,null,null,756,2609.690000000002,880
CREDIT,0,Vape Products,null,null,748,21448.13999999997,808
CASH,0,GROC. TAX,null,null,747,3634.120000000003,876
CASH,0,online lottery,null,null,747,7626.68,855
CREDIT,0,GIFT CARD,null,null,744,31978.05,748
CASH,0,ALCOHOL,null,null,743,5531.380000000004,1427
DEBIT,0,150 SALTY SNACKS,null,null,742,1699.92,1132
DEBIT,0,Packaged Beverage,null,null,741,2842.340000000001,848
CASH,0,Lotto Payout,null,null,734,-8360.01,734
CREDIT,0,Labor,null,null,730,179415.84000000003,730
CREDIT,0,SNACK,null,null,722,2309.21,839
CREDIT,0,Online Lotto,null,null,718,8961,758
CREDIT,0,CIG PK,null,null,716,4579.73,2147
CREDIT,0,deli no tax,null,null,715,1605.8999999999992,728
CREDIT,0,INSTANT LOTTERY,null,null,708,17784,753
DEBIT,0,SALTY SNACKS,null,null,694,3279.48,759
CREDIT,0,LOTTERY PAY OUT,null,null,694,-5814.98,696
CREDIT,0,fountain,null,null,684,1610.9799999999998,766
HOUSE ACCOUNT,0,Food Service,null,null,673,3312.820000000003,774
CASH,0,MONEY ORDER,null,null,673,186216.37000000026,674
DEBIT,0,DELI LUNCH,null,null,664,2396.2,689
EBT,0,NT-GROCERY,null,null,662,2328.630000000002,757
DEBIT,0,WINE,null,null,656,5717.390000000002,874
DEBIT,0,ALCOHOL,null,null,652,8570.600000000004,1409
CREDIT,0,PREPAID CARDS,null,null,652,19207.5,652
DEBIT,0,CIG CTN,null,null,652,31258.17999999995,773
CREDIT,0,Other Tobacco,null,null,647,20164.379999999994,850
EBT,0,FOUNTAIN,null,null,644,1203.7299999999996,720
DEBIT,0,Other Tobacco,null,null,639,21240.979999999996,1166
DEBIT,0,Lottery PO,null,null,637,-8589,637
CREDIT,0,GROC. TAX,null,null,633,3408.0100000000025,741
CREDIT,0,HOT DELI,null,null,632,1534.4600000000005,667
CASH,0,Produce,null,null,624,1694.2600000000002,759
EBT,0,CANDY,null,null,622,1468.7300000000002,898
CREDIT,0,credit fee,null,null,620,218.85999999999987,620
CREDIT,0,EDIBLE GROCERY,null,null,619,3790.1400000000003,715
CASH,0,Groc No Tax,null,null,618,901.0200000000001,647
DEBIT,0,E-Cigarettes,null,null,613,11782.550000000007,655
DEBIT,0,GROC H,null,null,611,6466.250000000004,691
DEBIT,0,SNACK,null,null,608,1916.27,688
CASH,0,WINE,null,null,607,5070.550000000002,891
CREDIT,0,ONLINE WIN,null,null,598,-3276,598
CASH,0,CHICKEN,null,null,597,1682.3,738
DEBIT,0,Soda Fountain,null,null,589,1141.6100000000004,640
COUPON,0,NON TAX GROCRY,null,null,587,42955.630000000005,2605
CASH,0,Maxican Candy,null,null,586,708.2400000000001,847
DEBIT,0,Fountain Drinks,null,null,585,1093.3399999999995,618
CREDIT,0,Fountain Drinks,null,null,584,1072.7199999999991,605
CREDIT,0,GROC NOTAX,null,null,583,2708.040000000001,655
HOUSE ACCOUNT,0,Breakfast,null,null,574,2288.910000000001,620
CREDIT,0,HOT FOOD,null,null,573,2111.6999999999994,591
CREDIT,0,DELI HOT,null,null,569,2526.340000000002,622
CREDIT,0,LOTTO PAYOUT,null,null,566,-3242,579
EBT,0,ENERGY DRINKS,null,null,562,2731.58,629
CASH,0,Packaged Beverage,null,null,555,1719.9600000000005,647
DEBIT,0,SCRATCH PAID OUT,null,null,551,-8367.01,551
DEBIT,0,CIG PK,null,null,549,3065.479999999999,1099
CHECK,0,NON GROC,null,null,547,2083.1499999999996,638
CASH,0,NON GROCERY,null,null,546,2973.5600000000018,636
EBT,0,Grocery no tax,null,null,545,1567.3900000000003,556
CASH,0,SALTY SNACKS,null,null,545,1860.9900000000005,592
COUPON,0,TOBACCO,null,null,543,7754.380000000002,1816
CREDIT,0,Maxican Candy,null,null,537,756.52,910
CREDIT,0,Coffee,null,null,533,1045.6900000000003,581
CREDIT,0,NEWS PAPER,null,null,532,1595.95,536
CASH,0,NONEDIBLE GROCERY,null,null,531,3081.0800000000027,567
EBT,0,GROC TX,null,null,529,2405.1800000000003,664
DEBIT,0,LOTTERY SCRATCH P/O,null,null,527,-8098,527
DEBIT,0,Vape Products,null,null,527,14700.9,564
DEBIT,0,LOTTRY,null,null,520,5425.1,587
CREDIT,0,CIGGS,null,null,520,8749.670000000002,702
DEBIT,0,fountain,null,null,511,1243.5499999999995,577
CREDIT,0,150 SALTY SNACKS,null,null,507,1134.2499999999998,774
CREDIT,0,GROC H,null,null,505,5331.400000000002,562
COUPON,0,Lotto,null,null,503,6677,503
CHECK,0,ON LINE LOTTERY,null,null,501,3828,505
CREDIT,0,ice,null,null,498,1812.9999999999995,596
CREDIT,0,Cigarettes,null,null,498,11857.260000000002,992
CASH,0,Gen Merch,null,null,495,1658.62,623
DEBIT,0,GROCERY FOOD,null,null,493,1369.2,552
CASH,0,Chips,null,null,486,1018.29,502
CREDIT,0,SCRATCH WIN,null,null,480,-4828.5,480
CREDIT,0,NT-GROCERY,null,null,478,1696.5600000000004,551
CREDIT,0,Lottery Payout,null,null,477,-5358,477
DEBIT,0,EDIBLE GROCERY T,null,null,475,2615.6700000000014,509
CASH,0,Scratch Off Payout,null,null,474,-11028.08,474
CREDIT,0,Edible Groc,null,null,473,4557.100000000002,626
HOUSE ACCOUNT,0,NON GROC,null,null,469,1201.3600000000001,482
EBT,0,COFFEE,null,null,469,909.96,521
EBT,0,GROC NOTAX,null,null,468,1905.3300000000004,514
CASH,0,CIG,null,null,465,3666.41,779
DEBIT,0,Lotto Paid out,null,null,463,-3913,463
DEBIT,0,ice,null,null,462,1768.4199999999998,553
CASH,0,PAYOUT,null,null,462,-30567.13,462
CREDIT,0,GROC T,null,null,455,4381.590000000002,541
DEBIT,0,General Merch,null,null,451,18409.249999999993,507
CASH,0,EDIBLE GROCERY T,null,null,442,2344.070000000001,477
DEBIT,0,ice bag,null,null,438,1529.69,596
DEBIT,0,Online Payout,null,null,435,-3224,436
CREDIT,0,Produce,null,null,433,1225.04,545
CREDIT,0,GROC NO TAX,null,null,431,4605.110000000001,826
DEBIT,0,Fountain,null,null,424,655.46,475
CREDIT,0,General Merch,null,null,424,15697.93,490
CREDIT,0,CIGARS,null,null,421,3862.2200000000016,2732
CREDIT,0,PIZZA,null,null,421,1689.1800000000005,482
DEBIT,0,CIG COUPONS,null,null,420,-950.52,422
DEBIT,0,LOTTERY PAY-OUT,null,null,417,-9580,417
COUPON,0,LOTTERY,null,null,415,4690.03,415
CASH,0,GROCERY HI TAX,null,null,415,1123.52,541
DEBIT,0,Mega Millions,null,null,410,1539,410
CASH,0,CIG COUPONS,null,null,409,-678.92,409
CASH,0,NO TAX GROCERY,null,null,404,728.7600000000002,456
CASH,0,LOTTERY SCRATCHER,null,null,403,4140,440
CHECK,0,GROCERY,null,null,400,12157.130000000001,452
EBT,0,Grocery tax,null,null,396,1222.9500000000003,411
CASH,0,COUPONS,null,null,393,-597.64,399
DEBIT,0,NEWSPAPER,null,null,391,818.1,392
DEBIT,0,Online Lotto PO,null,null,389,-3838,390
LOTTERY,0,Lotto,null,null,387,4799,387
LOTTERY,0,SCRTCH,null,null,387,60513,401
CREDIT,0,Gen Merch,null,null,386,1788.81,468
CREDIT,0,TACKLE,null,null,384,2142.06,581
DEBIT,0,LOTTO-PO,null,null,384,-4585,384
CREDIT,0,COUPONS,null,null,384,-575.5,387
CREDIT,0,SALTY SNACKS,null,null,379,2158.1299999999997,419
DEBIT,0,Edible Groc,null,null,377,2626.9400000000014,410
EBT,0,Chicken,null,null,376,2680.75,381
CASH,0,E-Cigarettes,null,null,374,6998.640000000003,400
CASH,0,FAST FOOD,null,null,373,879.7699999999999,385
EBT,0,Grocery Tax,null,null,373,1308.5100000000002,504
DEBIT,0,Labor,null,null,372,76924.06999999999,372
DEBIT,0,Energy Drink,null,null,370,1124.4699999999998,373
CASH,0,DIP,null,null,370,1508.37,651
CASH,0,Other Tobacco,null,null,368,7593.550000000001,441
CASH,0,SNUFF,null,null,368,4435.860000000002,395
DEBIT,0,LOTTERY P O,null,null,366,-6460,366
CREDIT,0,Lottery PO,null,null,366,-4603,366
COUPON,0,GROCERY,null,null,364,1460.9799999999998,496
DEBIT,0,GROC. TAX,null,null,359,1861.970000000001,406
DEBIT,0,CHICKEN,null,null,357,984.0299999999997,482
CREDIT,0,LOTTRY,null,null,353,3045,392
CASH,0,GEN MERCH,null,null,353,3005.23,384
DEBIT,0,Produce,null,null,351,1027.43,447
DEBIT,0,credit fee,null,null,350,144.87999999999997,350
CASH,0,Beer/Wine,null,null,349,3014.88,561
DEBIT,0,SCRATCH WIN,null,null,346,-3567,346
DEBIT,0,Instant Ticket Payou,null,null,345,-9130,345
EBT,0,NON TAX GROC,null,null,342,1054.37,397
DEBIT,0,deli no tax,null,null,334,759.5600000000001,357
DEBIT,0,NONTAX GROC,null,null,332,9251.61,341
EBT,0,Candy,null,null,332,989.1099999999999,621
CREDIT,0,Grocery NonTax,null,null,328,1633.1000000000001,399
DEBIT,0,SCRATCH PAYOUT,null,null,328,-5153,333
EBT,0,TOBACCO,null,null,327,1939.4,675
EBT,0,GENMERCHNT,null,null,323,792.7900000000001,328
CREDIT,0,Fountain,null,null,319,440.30000000000007,353
DEBIT,0,SNUFF,null,null,316,5309.290000000002,359
DEBIT,0,lotto on line,null,null,315,1522.29,318
CREDIT,0,NEWS,null,null,311,638.38,319
CASH,0,Edible Grocery NT,null,null,311,1424.05,335
HOUSE ACCOUNT,0,GROCERY NON-TAX,null,null,310,4348.24,530
CASH,0,LOTTOPAYOUT,null,null,309,-6609,309
EBT,0,NON TAX GROCRY,null,null,308,2016.05,366
EBT,0,GROCERY LOW TAX,null,null,307,1202.4800000000002,319
CREDIT,0,BEER/WINE,null,null,302,3946.120000000001,384
CASH,0,LOTTERY TICKETS,null,null,302,4184.0599999999995,307
CASH,0,GROCERY NON-TAXABLE,null,null,300,747.9500000000002,314
CASH,0,coffee,null,null,299,567.5099999999998,310
CHECK,0,ONLINE LOTO,null,null,299,2686.9,299
DEBIT,0,E-CIG,null,null,297,7719.240000000002,297
DEBIT,0,Grocery NonTax,null,null,297,1266.65,389
DEBIT,0,COLD DELI,null,null,297,448.88000000000005,308
DEBIT,0,NEWS,null,null,292,617,299
CHECK,0,LOTTO,null,null,289,12762,290
DEBIT,0,COUPONS,null,null,289,-527.72,290
CASH,0,PACK CIG,null,null,289,2511.9399999999996,709
CASH,0,NON-GROCERY,null,null,289,1153.4099999999999,334
DEBIT,0,Beer/Wine,null,null,287,2839.850000000001,516
EBT,0,TAX GROC,null,null,284,1042.8499999999997,303
CREDIT,0,BOTTLE RETURN,null,null,284,-1909.6599999999994,284
CREDIT,0,PACKAGED BEVERAGE,null,null,284,5908.400000000001,329
CREDIT,0,CAR WASH,null,null,282,11717.410000000002,283
CASH,0,Vape Products,null,null,279,7491.600000000001,297
CASH,0,TAXABLE GROCERY,null,null,278,2148.7400000000002,325
CREDIT,0,NEWSPAPER,null,null,278,533.14,288
EBT,0,EDIBLE GROCERY N,null,null,277,1004.8899999999998,302
CREDIT,0,COLD DELI,null,null,277,409.30999999999995,289
CASH,0,OTHER DELI,null,null,276,510.55,304
CASH,0,LOTTERY GAMING,null,null,273,2769.5,273
CREDIT,0,WINE,null,null,273,3254.580000000001,380
CREDIT,0,Beer/Wine,null,null,271,2490.9000000000005,439
EBT,0,FAST FOOD,null,null,270,698.3699999999999,289
EBT,0,Grocery,null,null,270,1360.1800000000003,361
CASH,0,GIFT CARD,null,null,268,11812.41,269
DEBIT,0,GROCERY NONFOOD,null,null,266,2831.9300000000007,284
CASH,0,GROCERY NONFOOD,null,null,266,2126.78,295
CASH,0,GIFT CARDS,null,null,266,11132.6,269
DEBIT,0,Cigars,null,null,265,980.2,527
CREDIT,0,DELI OTHER,null,null,263,1538.1100000000004,291
CASH,0,license,null,null,259,7087.8,298
DEBIT,0,Gen Merch,null,null,259,1189.2199999999998,316
DEBIT,0,LOTTO ONLINE P/O,null,null,259,-2078.99,260
CARD,0,GROCERY,null,null,255,2118.6100000000006,280
CREDIT,0,GROCERY NONFOOD,null,null,253,3333.620000000001,259
CASH,0,PREPAID CARDS,null,null,252,10045,252
DEBIT,0,GEN MERCH,null,null,252,2809.7299999999996,344
DEBIT,0,Lotto Paid Out,null,null,251,-4121,251
DEBIT,0,Maxican Candy,null,null,251,326.59000000000003,422
DEBIT,0,04 Beer,null,null,251,1621.14,323
DEBIT,0,NO TAX GROCERY,null,null,250,501.64000000000004,315
DEBIT,0,PACKAGED BEVERAGE,null,null,250,4492.99,283
DEBIT,0,BOTTLE RETURN,null,null,249,-2272.7000000000003,249
CASH,0,General Merch,null,null,247,5695.08,281
CREDIT,0,LOTTERY P/O,null,null,246,-3221,246
DEBIT,0,DELI HOT FOODS,null,null,245,1020.29,262
EBT,0,GROCERIES,null,null,244,9286.7,279
LOTTERY,0,debitfee,null,null,240,83.99999999999996,240
CREDIT,0,ONLINE LOTTERY,null,null,238,2793.5,240
CARD,0,LOTTERY PAY-OUT,null,null,235,-4180,235
CREDIT,0,Novelty,null,null,232,1621.3800000000003,301
CREDIT,0,Wine,null,null,230,3202.550000000001,282
DEBIT,0,LOTTERY PAID OUTS,null,null,229,-2110,229
CASH,0,04 Beer,null,null,225,1052.31,280
CREDIT,0,Cigars,null,null,224,1143.1799999999996,442
CASH,0,Energy Drink,null,null,222,675.46,226
DEBIT,0,ONLINE WIN,null,null,222,-1283,222
CASH,0,Online Sales,null,null,220,1364,220
DEBIT,0,TAXABLE GROCERY,null,null,218,1385.0700000000004,261
CREDIT,0,GROCERY FOOD,null,null,217,738.14,234
DEBIT,0,Lotto Winner,null,null,215,-1150,215
CASH,0,Edible Groc,null,null,213,1453.3600000000001,230
CREDIT,0,DELI LUNCH,null,null,211,758.58,223
EBT,0,NON TAX GROCERY,null,null,211,643.71,236
CREDIT,0,Soda Fountain,null,null,211,414.97999999999996,231
CASH,0,DELI HOT FOODS,null,null,210,897.9200000000001,232
DEBIT,0,NON GROCERY,null,null,209,1624.2800000000004,243
CASH,0,LOTTERY INSTANT,null,null,209,2155.4,228
CASH,0,PACKAGED BEVERAGE,null,null,209,1637.75,258
CASH,0,SCRATCH PAY OUT,null,null,203,-3194,203
CREDIT,0,Coupons,null,null,200,-579,206
CREDIT,0,Online Payout,null,null,200,-1231,200
DEBIT,0,SCRATCH TICKET,null,null,200,2772.1800000000003,211
EBT,0,Deli Cold,null,null,199,1636.2000000000003,217
CASH,0,Phone Card,null,null,199,5690.6900000000005,211
CREDIT,0,CIGS PACK,null,null,199,3093.3300000000004,811
DEBIT,0,LOTTERY PAID OUT,null,null,198,-2158.02,198
CREDIT,0,E-Cigarettes,null,null,197,3626.500000000001,203
CREDIT,0,POWERBALL,null,null,196,2407.63,196
DEBIT,0,CIG Carton,null,null,194,15338.759999999997,248
CASH,0,Pizza,null,null,193,2244.080000000001,193
CREDIT,0,GEN MERCH,null,null,193,2344.03,217
HOUSE ACCOUNT,0,TOBACCO,null,null,193,1712.9299999999998,522
DEBIT,0,Wine,null,null,191,2109.8200000000006,234
CASH,0,GROCERY LO TAX,null,null,191,260.09,196
CASH,0,CANDY AND GUM,null,null,190,530.2,208
CASH,0,SCRACH,null,null,188,1270.99,199
COUPON,0,PACK CIGS,null,null,187,2539.2400000000002,353
DEBIT,0,Edible Grocery NT,null,null,187,1377.45,195
CASH,0,CIG COUP,null,null,187,-457.97999999999996,187
CASH,0,GROC. NTAX,null,null,186,839.95,198
CREDIT,0,Groc No Tax,null,null,185,260.42999999999995,213
CASH,0,Scratch Tickets,null,null,178,1815,301
CASH,0,Grocery Ntx,null,null,176,642.1199999999999,221
CREDIT,0,Chips,null,null,176,426.83,191
CASH,0,Grocery Taxable,null,null,175,686.46,195
DEBIT,0,Grocery Taxable,null,null,175,909.22,200
DEBIT,0,OTHER DELI,null,null,174,339.50000000000006,191
DEBIT,0,SWEET SNACKS,null,null,174,426.8299999999999,209
EBT,0,GEN MERCH NT,null,null,173,608.0400000000001,190
DEBIT,0,Pizza,null,null,173,2001.0300000000004,173
CREDIT,0,CIG,null,null,173,1496.44,327
CASH,0,PAYOUT LOTTO,null,null,172,-5961.610000000001,172
CASH,0,GROCERY N TAX,null,null,172,1391.29,200
DEBIT,0,Chew,null,null,172,2989.0399999999995,402
DEBIT,0,E CIGARETTES,null,null,171,2979.39,175
CASH,0,CAR WASH,null,null,171,6635.150000000001,173
CHECK,0,Licenses,null,null,170,6155.25,170
CREDIT,0,Salty Snacks,null,null,169,582.18,183
CHECK,0,Online Lottery,null,null,166,1198,166
DEBIT,0,NON-GROCERY,null,null,166,621.96,182
CASH,0,VENDOR COUPON,null,null,163,-400.88,163
HOUSE ACCOUNT,0,LOTTO,null,null,163,1102,163
CASH,0,SWEET SNACKS,null,null,161,400.32,197
CREDIT,0,SNUFF,null,null,161,2658.640000000001,175
CREDIT,0,CIG COUPONS,null,null,160,-430.98,160
CASH,0,E-CIG,null,null,159,3948.5400000000004,159
DEBIT,0,Chips,null,null,157,420.28000000000003,175
CASH,0,GROCERY NON TAXABLE,null,null,156,636.97,173
DEBIT,0,FAST FOOD,null,null,154,345.8,160
DEBIT,0,GIFT CARD,null,null,153,6088.67,166
DEBIT,0,PREPAID CARDS,null,null,152,5035,152
CREDIT,0,SCRATCH TICKET,null,null,152,2453,170
DEBIT,0,GEN MERCHANDISE,null,null,151,1583.2200000000003,252
DEBIT,0,LOTTO-OUT,null,null,151,-2216,151
DEBIT,0,BOTTLE RETURNS,null,null,151,-43.660000000000004,156
CREDIT,0,NON-GROCERY,null,null,151,716.42,187
COUPON,0,TAX GROCRY,null,null,150,6542.21,461
EBT,0,DELI LUNCH,null,null,150,545.3100000000001,157
CHECK,0,Lotto Pay Out,null,null,149,-812.5,149
HOUSE ACCOUNT,0,Grocery,null,null,147,2089.21,215
CASH,0,SCRTCH,null,null,145,2065,190
DEBIT,0,Water,null,null,144,433.27,169
LOTTERY,0,TAX GROCERY,null,null,142,837.41,176
CASH,0,GEN MERCHANDISE,null,null,141,1022.7,201
DEBIT,0,GROCERY HI TAX,null,null,140,428.40000000000003,174
CHECK,0,Lottery,null,null,140,1323,141
CASH,0,Grocery NT,null,null,140,336.48,165
HOUSE ACCOUNT,0,DELI HOT FOODS,null,null,140,662.4300000000001,170
EBT,0,Cigarette,null,null,139,1479.9200000000003,150
CASH,0,Publications,null,null,139,301.94,139
CREDIT,0,E-CIG,null,null,138,3424.8700000000003,138
CASH,0,Payout,null,null,135,-11015.07,135
LOTTERY,0,SCRATCH OFF LOTTERY,null,null,135,1979,137
EBT,0,EDIBLE GROCERY,null,null,135,442.2900000000001,177
CREDIT,0,ON LINE LOTTO,null,null,135,1223,136
DEBIT,0,LOTTERY PD OUT,null,null,134,-1082,134
CREDIT,0,CIG Carton,null,null,133,11639.66,178
CASH,0,Labor,null,null,133,27470.31,133
CASH,0,GROCERY TAXABLE,null,null,132,448.39000000000004,157
DEBIT,0,Non Tax Grocery,null,null,132,496.03,145
CASH,0,GROC TAXABLE,null,null,131,936.2899999999998,159
CASH,0,6.75% GROC,null,null,131,464.5900000000001,150
CREDIT,0,LOTTO ONLINE,null,null,131,2090.7200000000003,131
DEBIT,0,CIG COUP,null,null,130,-266.59000000000003,133
CREDIT,0,lotto on line,null,null,129,435,132
CREDIT,0,Lotto Paid out,null,null,129,-1163,130
EBT,0,SNACK,null,null,128,480.02,157
HOUSE ACCOUNT,0,FOUNTAIN,null,null,128,211.95,131
DEBIT,0,Salty Snacks,null,null,126,424.80000000000007,151
HOUSE ACCOUNT,0,Grocery tax,null,null,126,1145.6,126
CHECK,0,TOBACCO,null,null,125,1240.49,257
CASH,0,Wine,null,null,125,1220.4,144
DEBIT,0,GROCERY NON TAXABLE,null,null,125,663.72,151
DEBIT,0,GROCERY NON-TAXABLE,null,null,125,791.8900000000002,250
CREDIT,0,NONEDIBLE GROCERY,null,null,125,894.3599999999999,134
CASH,0,SNACKS/CHIPS NONTAX,null,null,125,486.41999999999996,171
CREDIT,0,LOTTO P/O,null,null,122,-1121.8899999999999,122
CASH,0,Groc NT,null,null,122,824.0900000000001,138
DEBIT,0,Lotto PO,null,null,120,-1655,120
CASH,0,BAKERY,null,null,120,235.49,128
CREDIT,0,GROCERY NON TAXABLE,null,null,120,537.8,133
DEBIT,0,Coupons,null,null,119,-277.12,121
CREDIT,0,Grocery NT,null,null,119,420.15999999999997,136
DEBIT,0,CAR WASH,null,null,119,11991.560000000001,120
CASH,0,Water,null,null,118,416.62,151
CREDIT,0,Edible Grocery NT,null,null,118,2613.16,135
CREDIT,0,04 Beer,null,null,116,825.2999999999998,126
COUPON,0,lotto on line,null,null,116,722.5,116
CREDIT,0,Lotto Pay Out,null,null,116,-441.5,117
CREDIT,0,Fast Food,null,null,116,315.11,130
CASH,0,NON EDIBLE GROCERY,null,null,116,536.3,138
CREDIT,0,Grocery Ntx,null,null,115,349.09000000000003,149
CREDIT,0,GIFTCARD,null,null,115,5530,115
CASH,0,NON-EDIBLE GRO,null,null,115,335.31,174
HOUSE ACCOUNT,0,Produce,null,null,112,321.28999999999996,133
CASH,0,E CIGARETTES,null,null,112,1908.6200000000003,117
CASH,0,29 Foodservice Prep On-site,null,null,110,237.40999999999994,125
CREDIT,0,GROCERY NON-TAXABLE,null,null,110,586.8900000000001,117
CREDIT,0,SCRATCH PAYOUT,null,null,109,-1082,109
LOTTERY,0,MISC,null,null,109,182.51000000000002,121
EBT,0,CANDY AND GUM,null,null,108,510.62,110
CREDIT,0,Trans Fee,null,null,108,0,108
CASH,0,Non Tax Grocery,null,null,108,296.11,116
EBT,0,NO TAX GROCERY,null,null,108,387.6400000000001,133
CASH,0,CANDY/GUM,null,null,107,217.42999999999998,162
DEBIT,0,SCRATCH OFF,null,null,107,1328.37,111
CREDIT,0,LOTTERY PAID OUT,null,null,106,-1186,106
CREDIT,0,credit debitcardfee,null,null,106,231.25,109
DEBIT,0,CHEWING TOBACCO,null,null,106,3297.9200000000005,107
CREDIT,0,Beer Wine Liquor,null,null,105,812.67,197
CHECK,0,GROCERY NON-TAX,null,null,105,198.09999999999997,125
CREDIT,0,EDIBLE GROCERY T,null,null,105,569.84,114
CREDIT,0,Lotto Paid Out,null,null,105,-1081.99,105
CREDIT,0,TAXABLE GROCERY,null,null,105,841.3000000000001,128
DEBIT,0,STORE COUPON,null,null,104,-399.34999999999997,104
CREDIT,0,coffee,null,null,104,202.79000000000002,108
CREDIT,0,Energy Drink,null,null,103,315.9300000000001,104
CASH,0,CIGG PACKS,null,null,103,1082.9399999999998,373
EBT,0,ICE CREAM,null,null,102,488.1,108
DEBIT,0,Lottery OnLine Payou,null,null,101,-1412.5,101
DEBIT,0,credit debitcardfee,null,null,101,265.15,108
CASH,0,Coupons,null,null,101,-347,106
DEBIT,0,license,null,null,101,3194,112
EBT,0,TAX GROCERY,null,null,101,277.33,120
HOUSE ACCOUNT,0,NT-GROCERY,null,null,101,362.35,120
CREDIT,0,license,null,null,100,3313,111
COUPON,0,CIGS PACK,null,null,99,2023.72,214
CREDIT,0,LOTTO PAY OUT,null,null,99,-3889,99
COUPON,0,GROC TAX,null,null,99,443.65000000000003,128
DEBIT,0,Groc NT,null,null,98,528.49,112
CREDIT,0,FAST FOOD,null,null,97,228.78999999999996,97
CREDIT,0,CHICKEN,null,null,97,382.41,139
DEBIT,0,PACK CIGS,null,null,96,666.74,189
CREDIT,0,Grocery Taxable,null,null,96,681.84,103
CREDIT,0,Water,null,null,95,352.56000000000006,122
CREDIT,0,Instant Ticket Payou,null,null,95,-1462,95
DEBIT,0,Fee,null,null,94,55.980000000000004,94
CREDIT,0,GROC TAXABLE,null,null,94,918.8,105
CASH,0,Cigaretts,null,null,94,3782.7999999999993,120
CREDIT,0,CIG COUP,null,null,94,-385.52,94
CREDIT,0,Non Tax Grocery,null,null,93,311.34000000000003,98
CASH,0,2% Groc,null,null,91,204,107
CASH,0,Salty Snacks,null,null,91,284.89000000000004,96
CREDIT,0,Online Lotto PO,null,null,91,-1048.5,95
DEBIT,0,Beer Wine Liquor,null,null,90,900.4699999999999,175
CHECK,0,SCRATCHER,null,null,90,78942,90
DEBIT,0,PUBLICATIONS,null,null,90,222.18,91
CASH,0,LOTTERY SCRATCH,null,null,89,720,161
DEBIT,0,GROC TAXABLE,null,null,88,593.7,100
CREDIT,0,CHEWING TOBACCO,null,null,88,2715.42,88
CREDIT,0,Edible Grocery,null,null,88,157.14,173
DEBIT,0,Groc No Tax,null,null,87,232.85999999999996,90
CASH,0,CIG Carton,null,null,87,4520.1900000000005,116
EBT,0,COLD DELI,null,null,86,130.76999999999998,86
CASH,0,Snacks,null,null,86,119.50999999999999,86
COUPON,0,COFFEE,null,null,86,110.55999999999999,87
HOUSE ACCOUNT,0,GEN MERCHANDISE,null,null,86,866.5799999999999,119
CREDIT,0,E CIGARETTES,null,null,85,1661.36,102
DEBIT,0,Grocery Ntx,null,null,85,163.84,110
CREDIT,0,LOTTO PO,null,null,85,-737.29,85
HOUSE ACCOUNT,0,Packaged Beverage,null,null,84,268,104
CHECK,0,LOTTRY,null,null,84,435,85
CASH,0,CARTON CIGS,null,null,84,6238.18,104
GIFT CARD,0,Powerball,null,null,84,1045,84
CREDIT,0,GIFT CARDS,null,null,84,4294.59,84
DEBIT,0,Grocery NT,null,null,83,196.63,84
CASH,0,Lottery Scratch Tkt,null,null,83,491,83
CHECK,0,LOTTERY PAYOUT,null,null,83,-397,83
DEBIT,0,LOTTO SALE,null,null,82,890.6800000000001,82
CASH,0,GIFTCARD,null,null,82,6105,82
CASH,0,08 Candy,null,null,81,126.76,86
CASH,0,POWERBALL PAYOUT,null,null,81,-381,81
CASH,0,VENDER COUPON,null,null,81,-162.5,81
CREDIT,0,PUBLICATIONS,null,null,81,206.5,81
EBT,0,Fountain Drinks,null,null,81,161.95999999999998,88
CREDIT,0,Gift Card Activate,null,null,80,3080,80
CREDIT,0,SNACKS/CHIPS NONTAX,null,null,80,458.31,114
DEBIT,0,DIP,null,null,80,460.91999999999996,148
CREDIT,0,CANDY/GUM,null,null,80,189.04,128
CREDIT,0,NON GROCERY,null,null,80,910.21,102
DEBIT,0,29 Foodservice Prep On-site,null,null,80,186.17999999999998,93
CASH,0,Beer Wine Liquor,null,null,79,614.19,150
CHECK,0,MEGABUCKS,null,null,79,1041,79
DEBIT,0,6.75% GROC,null,null,79,284.37,83
HOUSE ACCOUNT,0,CANDY,null,null,78,175.33,118
DEBIT,0,LTTRY PAYOUT,null,null,77,-501,77
DEBIT,0,LOTTO PAID OUT,null,null,76,-717.5,76
DEBIT,0,NON EDIBLE GROCERY,null,null,76,374.95,105
DEBIT,0,E-CIGS,null,null,76,2027.0100000000004,76
CREDIT,0,Alt Snacks,null,null,75,304.32000000000005,78
HOUSE ACCOUNT,0,SCRATCH PAY OUT,null,null,75,-2027,75
CHECK,0,FOOD BAR/DELI,null,null,74,356.54,88
CASH,0,Groc Tax,null,null,74,426.87999999999994,80
COUPON,0,ONLINE LOTTO,null,null,73,699.02,73
CASH,0,GEN CIGS,null,null,73,742.8000000000001,108
CASH,0,MANUFACTURING COUPON,null,null,72,-161.5,72
DEBIT,0,VENDOR COUPON,null,null,72,-267.58,73
DEBIT,0,POWERBALL PAYOUT,null,null,72,-298,72
CASH,0,Edible Grocery,null,null,72,115.06000000000002,127
CASH,0,Tax Groc,null,null,72,245.11,84
EBT,0,GROC T,null,null,71,417.04999999999995,85
CREDIT,0,Chew,null,null,71,951.21,126
DEBIT,0,coffee,null,null,71,134.5,71
DEBIT,0,NONEDIBLE GROCERY,null,null,71,487.84999999999997,76
DEBIT,0,SNACKS/CHIPS NONTAX,null,null,71,372.67,101
DEBIT,0,GIFTCARD,null,null,71,2795,71
DEBIT,0,CIG,null,null,70,703.14,110
CASH,0,CASH BACK FEE,null,null,69,318.61,69
CREDIT,0,VENDOR COUPON,null,null,69,-197.21,69
DEBIT,0,Groc Tax,null,null,69,270.08000000000004,81
CASH,0,Gift Cards,null,null,69,742.69,69
DEBIT,0,LOTTERY TICKETS,null,null,68,1176,68
EBT,0,debitfee,null,null,68,23.800000000000004,68
CHECK,0,Powerball,null,null,68,1820,68
CASH,0,Grocery NO TAX,null,null,68,361.92,84
DEBIT,0,Alt Snacks,null,null,68,326.2,72
CHECK,0,HOT FOODS,null,null,68,320.55,69
COUPON,0,LOTTO,null,null,68,708,68
DEBIT,0,Cig,null,null,67,1329.46,101
DEBIT,0,CANDY AND GUM,null,null,67,204.22000000000003,74
CASH,0,Instant Lottery,null,null,67,695,95
DEBIT,0,Gift Card,null,null,67,3995,67
CREDIT,0,LOTTO SALE,null,null,67,717.47,90
DEBIT,0,ONLINE LOTO,null,null,67,337.84999999999997,67
CASH,0,Edible Groceries,null,null,66,198.19999999999996,77
LOTTERY,0,TOBACCO,null,null,66,144.32999999999998,95
CHECK,0,FOUNTAIN,null,null,66,52.680000000000014,66
DEBIT,0,BAKERY,null,null,66,108.37,67
DEBIT,0,LOTTO P/O,null,null,66,-567,66
DEBIT,0,GROCERY TAXABLE,null,null,65,183.96000000000004,76
CREDIT,0,Tax Groc,null,null,65,321.39,67
DEBIT,0,MANUFACTURING COUPON,null,null,65,-160.64,65
DEBIT,0,GROCERY N TAX,null,null,65,235.99,79
LOTTERY,0,LOTTO P/O,null,null,65,-877,65
DEBIT,0,Chicken Leg,null,null,64,153.76,64
COUPON,0,LOTTERY PAID OUT,null,null,64,-663,64
CHECK,0,NON TAX GROC,null,null,64,81.50999999999999,71
CREDIT,0,LOTTERY SCRATCH P/O,null,null,64,-549,64
DEBIT,0,GROC. NTAX,null,null,63,314.22,74
CASH,0,Ice Bag,null,null,63,157.07000000000002,63
CASH,0,Phone Cards,null,null,63,1715,64
CREDIT,0,271 LOTTO,null,null,63,486,63
CREDIT,0,NO TAX GROCERY,null,null,62,99.75,78
CASH,0,CIG PACKS,null,null,62,515.94,101
LOTTERY,0,LOTTERY GAMING,null,null,61,1276,61
EBT,0,LOTTO,null,null,61,397.99,61
COUPON,0,FOOD BAR/DELI,null,null,61,210.09,63
DEBIT,0,Tax Groc,null,null,60,297.84000000000003,61
CREDIT,0,Groc Tax,null,null,60,260.14,74
CASH,0,LOTTERYPO,null,null,60,-26906.68,60
HOUSE ACCOUNT,0,NEWSPAPER,null,null,59,104,59
CASH,0,PREPAID CARD,null,null,59,2182,59
CREDIT,0,NON-EDIBLE GRO,null,null,59,240.75,60
CASH,0,Beer & Wine,null,null,59,524.71,83
CASH,0,Novelties,null,null,59,718.65,89
CASH,0,Check Fee,null,null,58,602,58
CASH,0,SERVICE FEE,null,null,58,45,58
DEBIT,0,08 Candy,null,null,58,109.04,60
CREDIT,0,LOTTO ONLINE P/O,null,null,58,-222,61
DEBIT,0,Lottery Paid out,null,null,57,-680,57
CREDIT,0,ONLINE LOTO,null,null,57,303.98,57
CASH,0,PAY OUT,null,null,57,-4085.7000000000003,57
CASH,0,CARTON CIGARETTES,null,null,57,518.01,80
CREDIT,0,OTHER DELI,null,null,57,124.07000000000001,62
CREDIT,0,ON LINE LOTTERY,null,null,56,61,57
DEBIT,0,Money Order,null,null,56,3190.16,58
COUPON,0,GROC,null,null,55,224.13000000000005,58
GIFT CARD,0,debitfee,null,null,55,19.249999999999996,55
CASH,0,Cig,null,null,55,647.89,142
EBT,0,KRISPY KRUNCHY,null,null,55,280.22,67
CREDIT,0,CANDY AND GUM,null,null,54,178.54000000000002,56
CASH,0,LOTTO INSTANT,null,null,54,424.5,54
EBT,0,BEER,null,null,54,209.02999999999997,79
CHECK,0,SNACKS,null,null,53,319.15999999999997,66
CREDIT,0,debitfee,null,null,53,18.55,53
CREDIT,0,Mega Millions,null,null,52,258,52
CASH,0,CHEWING TOBACCO,null,null,52,1604.4099999999999,52
COUPON,0,CIGARETTES,null,null,52,1180.6200000000001,123
CREDIT,0,SHELL GIFT CARDS,null,null,52,2526.5,54
DEBIT,0,INSTANT PO,null,null,52,-669,52
DEBIT,0,Cigaretts,null,null,52,2162.58,66
COUPON,0,LOTTO PAY OUT,null,null,51,-1226,51
CASH,0,PHONE CARD,null,null,51,246.95,54
COUPON,0,Lotto Online,null,null,51,568,51
CREDIT,0,GROC. NTAX,null,null,51,710.5400000000001,66
CREDIT,0,LOTTERY P O,null,null,51,-470,51
CREDIT,0,SCRATCH OFF,null,null,51,457,51
CASH,0,E-CIGS,null,null,51,1327.6000000000001,50
CREDIT,0,PREPAID CARD,null,null,51,1956,51
CASH,0,Chew,null,null,50,638.49,96
COUPON,0,TAX GROC,null,null,50,197.33999999999997,54
CASH,0,Gift Card Activate,null,null,50,1691.7,50
CASH,0,Ice Cream,null,null,50,145.32000000000002,56
CREDIT,0,SWEET SNACKS,null,null,50,113.80000000000001,60
DEBIT,0,LOTTERY INSTANT,null,null,50,408,54
CREDIT,0,Lotto PO,null,null,49,-744,49
DEBIT,0,Gift Card Activate,null,null,49,1756,49
DEBIT,0,2% Groc,null,null,49,126.8,66
COUPON,0,Lotto Paid out,null,null,48,-449,48
CASH,0,Lotto payout,null,null,48,-1416,48
CASH,0,LOTTERY PAID OUR,null,null,48,-1084,48
DEBIT,0,GROCERY LO TAX,null,null,48,84.61,53
DEBIT,0,CANDY/GUM,null,null,47,97.19,62
CASH,0,CIGARETTS,null,null,47,264.04,72
CASH,0,vape tax,null,null,47,311,47
DEBIT,0,BEER AND WINE,null,null,47,454.05999999999995,55
CASH,0,STORE COUP,null,null,47,-114.68000000000002,47
EBT,0,CIGGS,null,null,47,365.50999999999993,57
CREDIT,0,Lottery Online,null,null,46,0,46
CREDIT,0,Groc NT,null,null,46,168.23999999999998,54
CASH,0,Snuff,null,null,46,258.33000000000004,59
DEBIT,0,CARTON CIGARETTES,null,null,46,874.5899999999999,92
CASH,0,DELI COLD,null,null,45,285.9,45
EBT,0,Pizza,null,null,45,526.55,45
CASH,0,MOBILE COUPON,null,null,45,-78.57,45
CASH,0,credit fee,null,null,45,83.30000000000001,46
CASH,0,LOTTO P.O,null,null,45,-831,45
CREDIT,0,Edible Groceries,null,null,45,131.61,56
COUPON,0,Online Payout,null,null,45,-639,45
CREDIT,0,BOTTLE RETURNS,null,null,44,-24,44
CHECK,0,GROC,null,null,44,235.11999999999998,61
HOUSE ACCOUNT,0,Gift Card,null,null,44,4525,44
CREDIT,0,STORE COUPON,null,null,44,-102.38000000000001,44
COUPON,0,BEER,null,null,43,450.27,48
EBT,0,NOVELTY,null,null,43,206.72000000000003,46
DEBIT,0,LOTTOPAYOUT,null,null,43,-993,43
HOUSE ACCOUNT,0,DELI RESALE,null,null,42,2612,43
LOTTERY,0,NT-GROCERY,null,null,42,95.45,44
COUPON,0,CANDY,null,null,42,107.4,48
CASH,0,Grocery No Tax,null,null,42,173.5,42
CREDIT,0,Cig,null,null,42,669.79,66
CREDIT,0,LOTTERY PAID OUTS,null,null,42,-275,42
EBT,0,Tobbacco,null,null,42,98.23000000000002,63
DEBIT,0,Grocery No Tax,null,null,41,659.57,41
CREDIT,0,29 Foodservice Prep On-site,null,null,41,112.71000000000001,47
LOTTERY,0,LOTTERY SCRATCH,null,null,41,426,60
CREDIT,0,LOTTERYPAYOUT,null,null,41,-227,41
COUPON,0,ON LINE LOTTERY,null,null,41,248,41
HOUSE ACCOUNT,0,General Merch,null,null,40,983.45,44
CREDIT,0,BAKERY,null,null,40,106.86,40
DEBIT,0,OTHER BEER,null,null,39,500.63,42
CREDIT,0,08 Candy,null,null,39,117.74999999999999,40
COUPON,0,Online Lottery,null,null,39,292,39
DEBIT,0,SCRTCH,null,null,39,673.02,83
CASH,0,BEER/LIQUOR,null,null,38,238.32999999999998,40
CASH,0,Lottery Sale,null,null,38,378,47
DEBIT,0,Licenses,null,null,38,966,38
CREDIT,0,NON EDIBLE GROCERY,null,null,37,228.31,46
DEBIT,0,Online Sales,null,null,37,350,37
CREDIT,0,CARTON CIGARETTES,null,null,37,1184.46,67
COUPON,0,GROCERY NT,null,null,37,345.55,52
DEBIT,0,MOBILE COUPON,null,null,37,-76.5,37
COUPON,0,debitfee,null,null,37,12.95,37
DEBIT,0,LOTTERY GAMING,null,null,37,305,37
CHECK,0,COUPON,null,null,37,-123.98,42
DEBIT,0,VENDER COUPON,null,null,37,-127,37
CREDIT,0,NONTAX GROC,null,null,36,279.65999999999997,43
CHECK,0,Fast Food,null,null,36,78.34,36
CASH,0,Newspaper,null,null,36,27.97,36
DEBIT,0,CIGG PACKS,null,null,36,277.37,62
CASH,0,SHELL GIFT CARDS,null,null,36,1575.5,42
CASH,0,credit debitcardfee,null,null,35,215,35
DEBIT,0,BEER/LIQUOR,null,null,35,226.12999999999994,35
CREDIT,0,Snacks,null,null,35,88.34000000000002,39
CASH,0,CIG CARTON,null,null,35,1500.2900000000002,40
COUPON,0,150 SALTY SNACKS,null,null,34,171.81,46
CASH,0,Packaged Beverages,null,null,34,82.03,39
CREDIT,0,MANUFACTURING COUPON,null,null,34,-99.75,34
CHECK,0,NEWSPAPER,null,null,34,54,34
CREDIT,0,LOTTOPAYOUT,null,null,34,-753,34
CREDIT,0,Cigaretts,null,null,34,1382.81,50
CREDIT,0,LTTRY PAYOUT,null,null,34,-282,34
DEBIT,0,Snuff,null,null,34,271.29,76
COUPON,0,ONLINE,null,null,34,379,34
DEBIT,0,Edible Grocery,null,null,33,42.89000000000001,61
COUPON,0,PACK CIG,null,null,33,298.91,46
CASH,0,SUNOCO GIFT CARD,null,null,33,1124,33
CHECK,0,GROCERIES,null,null,33,1928.94,50
CASH,0,POWERBALL SALE,null,null,33,153,37
DEBIT,0,CIGARETTS,null,null,33,397.69,66
CHECK,0,Lotto,null,null,33,211,33
DEBIT,0,DELI COLD,null,null,33,276.45,33
DEBIT,0,Cigar,null,null,33,112.85,64
CREDIT,0,BEER AND WINE,null,null,33,280.46,35
CASH,0,CANDY-OTHER,null,null,32,123.81,35
EBT,0,LIQUOR,null,null,32,174.63,40
CASH,0,Cig Pack,null,null,32,195.60999999999999,44
COUPON,0,GENERAL MERCH,null,null,32,302.84,52
CREDIT,0,Fee,null,null,32,14.5,32
CREDIT,0,Money Order,null,null,31,2825.42,32
COUPON,0,ICE,null,null,31,74.64,31
DEBIT,0,NON-EDIBLE GRO,null,null,31,129.01,43
COUPON,0,LOTTERY PAYOUTS,null,null,31,-452,31
DEBIT,0,CIG CARTON,null,null,31,1503.9,39
CREDIT,0,Packaged Beverages,null,null,31,73.67999999999999,33
CHECK,0,Labor,null,null,31,14525,31
CREDIT,0,Beer & Wine,null,null,30,354.16999999999996,38
COUPON,0,Lottery Paid Out,null,null,30,-169.04,30
CHECK,0,GROCNT,null,null,30,175.68,30
DEBIT,0,GIFT CARDS,null,null,30,1410,30
EBT,0,LOTTERY,null,null,30,202,30
CREDIT,0,Gift Card,null,null,30,1255,30
CASH,0,power ball,null,null,29,363,40
LOTTERY,0,LOTTO ONLINE,null,null,29,214,29
DEBIT,0,Grocery NO TAX,null,null,29,198.94,29
DEBIT,0,LOTTERY SCRATCH,null,null,29,279,34
CHECK,0,Lotto Online,null,null,29,100,29
CASH,0,Bottle-can returns,null,null,29,-1.45,29
EBT,0,General Merchandise,null,null,29,188.83,31
COUPON,0,E-CIG,null,null,29,677.71,29
EBT,0,Online Lottery,null,null,28,102.99000000000001,28
CHECK,0,LOTTERY,null,null,28,605,226
DEBIT,0,Beer & Wine,null,null,28,344.35999999999996,29
CREDIT,0,Lottery Paid out,null,null,28,-237,28
COUPON,0,GROCNT,null,null,28,166.26999999999998,31
COUPON,0,Deli Hot,null,null,28,505.53999999999996,40
DEBIT,0,PIZZA COUPON,null,null,28,-124.13,28
CREDIT,0,Lottery On-Line,null,null,27,92,27
CREDIT,0,Pizza,null,null,27,303.73,27
CASH,0,Cigar,null,null,27,47.300000000000004,30
CASH,0,Alt Snacks,null,null,27,95.36000000000001,29
CREDIT,0,CIG CARTON,null,null,27,1367.63,28
COUPON,0,LOTTERYPAYOUT,null,null,27,-141,27
COUPON,0,LOTTERY P/O,null,null,27,-492,27
EBT,0,Deli Hot,null,null,26,260.98,26
CASH,0,ONLOTTO,null,null,26,224.37,26
CREDIT,0,Bait,null,null,26,150.85,26
DEBIT,0,KRISPY CHIC,null,null,26,153.82000000000002,36
DEBIT,0,GEN MERCH NT,null,null,26,121.57000000000001,26
DEBIT,0,Edible Groceries,null,null,25,106.01,30
CHECK,0,Lottery  Sales Winner,null,null,25,-149,25
DEBIT,0,TOBACCO COUP,null,null,25,-78.81,25
CREDIT,0,LOTTO-PO,null,null,25,-257,25
CASH,0,KRISPY CHIC,null,null,25,90.12,30
CREDIT,0,Licenses,null,null,25,645.5,25
DEBIT,0,LOTTOONLINE,null,null,25,181,25
EBT,0,CHIPS,null,null,25,89.25000000000001,26
HOUSE ACCOUNT,0,SCRATCH,null,null,25,277,25
CASH,0,GROC NON TAX,null,null,24,53.59999999999999,27
CREDIT,0,DELI COLD,null,null,24,510.9100000000001,24
LOTTERY,0,GROCERY,null,null,24,65.92,26
CASH,0,Gift Card,null,null,24,1117,24
DEBIT,0,PREPAID CARD,null,null,24,892,24
CASH,0,Accessories,null,null,24,105,24
EBT,0,HOT FOODS,null,null,24,122.88999999999999,25
CHECK,0,NON TAX GROCRY,null,null,23,67.67,25
HOUSE ACCOUNT,0,Salty Snacks,null,null,23,70.06,24
DEBIT,0,Newspaper,null,null,23,26.89,23
COUPON,0,GROC NOTAX,null,null,23,70.14,23
EBT,0,Bag Fee,null,null,23,1.3199999999999998,23
CREDIT,0,GROCERY N TAX,null,null,23,49.24,24
LOTTERY,0,BEER WINE,null,null,23,44.00999999999999,30
DEBIT,0,Cig Pack,null,null,23,365.92999999999995,29
CREDIT,0,Snuff,null,null,23,269.09000000000003,66
CREDIT,0,E-CIGS,null,null,23,556.75,22
HOUSE ACCOUNT,0,HOT FOOD,null,null,23,80.83000000000001,27
CASH,0,Cigarettes Premium,null,null,22,90.16999999999999,33
CASH,0,CIGARETTE,null,null,22,100.29999999999998,36
EBT,0,GENERAL MERCHANDISE,null,null,22,190.16,25
HOUSE ACCOUNT,0,LOTTO PAY OUT,null,null,22,-210,22
HOUSE ACCOUNT,0,CIGARETTES,null,null,22,375.06,74
CREDIT,0,DIP,null,null,22,73.38,32
CHECK,0,STORE COUPON,null,null,22,-265.76,22
DEBIT,0,CANDY-OTHER,null,null,22,61.059999999999995,23
DEBIT,0,CIG PACKS,null,null,22,270.49,40
CHECK,0,Lotto PO,null,null,22,-334,22
CREDIT,0,CIGARETTS,null,null,22,525.34,86
CREDIT,0,Grocery No Tax,null,null,22,1656.1,24
CREDIT,0,Cigar,null,null,21,52.99,30
COUPON,0,CIG,null,null,21,1483.6,201
EBT,0,SCRATCH PAID OUT,null,null,21,-400,21
CASH,0,Bait,null,null,21,124.08999999999999,21
CREDIT,0,Cig Pack,null,null,21,341.43,31
CASH,0,Non Edible Grocery,null,null,21,100.38,26
COUPON,0,NONTAX GROC,null,null,21,201.49,21
DEBIT,0,Packaged Beverages,null,null,21,56.38,28
CASH,0,OTHER BEER,null,null,21,330.77000000000004,24
CREDIT,0,VENDER COUPON,null,null,20,-36,20
EBT,0,GROCERY NON TAXABLE,null,null,20,87.59000000000002,21
CASH,0,CHECK CASHING FEE,null,null,20,125,20
CASH,0,Lunch Deli,null,null,20,105.93,20
DEBIT,0,Online,null,null,20,84,20
CREDIT,0,TOBACCO COUP,null,null,20,-94.27000000000001,20
HOUSE ACCOUNT,0,GROCERY N TAX,null,null,20,1150.3500000000001,21
CREDIT,0,Ice Cream,null,null,20,67.16,26
DEBIT,0,SHELL GIFT CARDS,null,null,20,757.99,21
CHECK,0,Edible Grocery NT,null,null,20,562.87,20
COUPON,0,EDIBLE GROCERY,null,null,19,111.48,25
DEBIT,0,Accessories,null,null,19,94.97500000000001,19
HOUSE ACCOUNT,0,ICE,null,null,19,88.43,43
EBT,0,PACKAGED BEVERAGE,null,null,19,39.94,19
CREDIT,0,Lotto Payout,null,null,19,-125,19
CASH,0,BEER AND WINE,null,null,19,132.79000000000002,21
COUPON,0,GRILL,null,null,19,70.17,24
COUPON,0,GROC TX,null,null,19,227.45,29
CASH,0,LOTTERY Insta,null,null,18,452,18
CASH,0,PIZZA COUPON,null,null,18,-110.72,18
HOUSE ACCOUNT,0,SUNOCO GIFT CARD,null,null,18,775,18
DEBIT,0,SUNOCO GIFT CARD,null,null,18,575,18
DEBIT,0,Lottery Scratch Tkt,null,null,18,151,18
CARD,0,Gift Card,null,null,18,1345,18
COUPON,0,COLD DELI,null,null,18,27.34,18
EBT,0,Fast Food,null,null,18,43.83,18
CHECK,0,ON LINE LOTTO,null,null,18,135,18
EBT,0,GEN,null,null,18,40.059999999999995,20
HOUSE ACCOUNT,0,GIFT CARD,null,null,18,775,18
CREDIT,0,Grocery NO TAX,null,null,17,347.29,18
COUPON,0,OTHER TOBACCO,null,null,17,108.06,52
COUPON,0,TAX GROCERY,null,null,17,96.41,18
CHECK,0,GENERAL MERCHANDISE,null,null,17,1062.72,28
CASH,0,Chicken Leg,null,null,17,41.029999999999994,17
EBT,0,Lottery  Sales Winner,null,null,17,-156,17
HOUSE ACCOUNT,0,Ice,null,null,17,80.73,25
COUPON,0,SNACKS,null,null,17,40.830000000000005,36
CREDIT,0,SUNOCO GIFT CARD,null,null,17,900,17
HOUSE ACCOUNT,0,SNACKS/CHIPS NONTAX,null,null,17,72.10000000000002,30
CREDIT,0,PIZZA COUPON,null,null,17,-104,17
EBT,0,Lottery Paid Out,null,null,17,-140,17
CREDIT,0,Publications,null,null,17,85.99000000000001,17
CREDIT,0,PACK CIGS,null,null,17,176.23999999999998,32
DEBIT,0,Cigarettes Premium,null,null,17,191.39,41
CHECK,0,LOTTERY P O,null,null,17,-990.75,17
EBT,0,OTHER TOBACCO,null,null,17,38.61,32
COUPON,0,Deli Cold,null,null,17,119.09000000000002,17
COUPON,0,LOTTO ONLINE P/O,null,null,17,-101,17
DEBIT,0,Snacks,null,null,17,44.739999999999995,17
CREDIT,0,6.75% GROC,null,null,17,48.010000000000005,19
CASH,0,Giftcard,null,null,16,1318.8,16
HOUSE ACCOUNT,0,BEER,null,null,16,235.09999999999997,22
EBT,0,CIGARS,null,null,16,50.86,22
CHECK,0,CANDY,null,null,16,32.3,33
DEBIT,0,SCRACH,null,null,16,140,16
DEBIT,0,Scratch Tickets,null,null,16,162,21
CREDIT,0,Non Edible Grocery,null,null,15,213.06999999999996,15
HOUSE ACCOUNT,0,Candy,null,null,15,35.8,17
COUPON,0,Grocery,null,null,15,65.16,16
CASH,0,CIGARETTES CARTON,null,null,15,119.86999999999999,23
COUPON,0,Online,null,null,15,70,15
EBT,0,LOTTO PO,null,null,15,-125.5,15
HOUSE ACCOUNT,0,Cig,null,null,15,163.60999999999999,15
EBT,0,ICE,null,null,15,42.14,16
EBT,0,08 Candy,null,null,15,35.199999999999996,15
CASH,0,CIGG CARTONS,null,null,15,406.28000000000003,15
EBT,0,LOTTERYPAYOUT,null,null,15,-111,15
DEBIT,0,Cig Carton,null,null,15,884.8900000000001,15
CREDIT,0,ONLOTTO,null,null,15,986.57,15
CHECK,0,Lottery Paid Out,null,null,15,-52,15
CHECK,0,NT-GROCERY,null,null,15,52.08000000000001,15
CREDIT,0,Scratch Tickets,null,null,15,160,23
CHECK,0,Coupons,null,null,15,-54,17
CREDIT,0,Lottery OnLine Payou,null,null,15,-117,15
CREDIT,0,GROC NON TAX,null,null,15,128.4,22
COUPON,0,LOTTERY PAYOUT,null,null,15,-97,15
HOUSE ACCOUNT,0,Tobacco,null,null,15,22.050000000000004,16
HOUSE ACCOUNT,0,SWEET SNACKS,null,null,15,46.32,18
CASH,0,merchandise,null,null,14,71.86,14
DEBIT,0,Ice Cream,null,null,14,43.53,17
DEBIT,0,GROCERY NONTAX,null,null,14,83.14,14
CREDIT,0,POWERBALL PAYOUT,null,null,14,-83,14
DEBIT,0,PHONE CARD,null,null,14,89.4,24
DEBIT,0,VAPES,null,null,14,216.34999999999997,16
CREDIT,0,GROCERY T,null,null,14,124.27,16
DEBIT,0,Phone Card,null,null,14,381,15
COUPON,0,SCRATCH TICKET,null,null,14,181,16
CREDIT,0,Online,null,null,14,46,14
CASH,0,CHEW,null,null,14,193.99,37
CHECK,0,LOTTERY PAY OUT,null,null,14,-348,14
COUPON,0,Lottery Payout,null,null,14,-124,14
DEBIT,0,Non Edible Grocery,null,null,14,202.77,15
LOTTERY,0,EDIBLE GROCERY N,null,null,14,58.150000000000006,16
CASH,0,CANDY BARS,null,null,14,51.64,16
CREDIT,0,SCRTCH,null,null,14,148,17
HOUSE ACCOUNT,0,KRISPY CHIC,null,null,13,61.6,20
DEBIT,0,Bait,null,null,13,68.94000000000001,13
CREDIT,0,GEN CIGS,null,null,13,285.78999999999996,28
CREDIT,0,CASH CARD SALE,null,null,13,420,13
EBT,0,SNUFF,null,null,13,145.07,16
HOUSE ACCOUNT,0,LOTTERY,null,null,13,102.28999999999999,13
EBT,0,CIGARETTES,null,null,13,109.82000000000001,16
COUPON,0,FOUNTAIN,null,null,13,15.83,13
CHECK,0,CIGARETTES,null,null,13,418.46999999999997,15
CREDIT,0,Phone Card,null,null,13,488.79999999999995,14
CASH,0,CASHCARDACT,null,null,13,1140,13
COUPON,0,CHEWING TOBACCO,null,null,13,413.94,13
CREDIT,0,Cigarettes Premium,null,null,13,177.83,17
CREDIT,0,CHEVRON GIFTCARD,null,null,13,1100,13
EBT,0,GENERAL MERCH,null,null,13,56.27,13
COUPON,0,LTTRY PAYOUT,null,null,13,-101,13
HOUSE ACCOUNT,0,E-CIGS,null,null,13,323.87,13
DEBIT,0,HOT DISPENSED BEVERA,null,null,12,183.47000000000003,13
LOTTERY,0,NO TAX GROC,null,null,12,21.47,12
CASH,0,SCRATCHER PAYOUT,null,null,12,-114,12
CREDIT,0,Cig Carton,null,null,12,1071.01,13
COUPON,0,BEER & WINE,null,null,12,78.58,26
COUPON,0,GEN CIGS,null,null,12,140.63,17
EBT,0,COUPON,null,null,12,-23.590000000000003,12
CREDIT,0,Lottery Winner,null,null,12,-136,12
COUPON,0,ENERGY DRINKS,null,null,12,61.470000000000006,13
CHECK,0,DELI HOT,null,null,12,116.42,12
CHECK,0,ICE,null,null,12,178.81,45
GIFT CARD,0,Lottery  Sales Winner,null,null,12,-287,12
DEBIT,0,BILL PAY,null,null,12,858.1800000000001,12
CASH,0,TOBACCO COUP,null,null,12,-30.189999999999998,12
EBT,0,CIGS PACK,null,null,12,40.98,22
DEBIT,0,Beer - Wine,null,null,12,119.58999999999999,14
COUPON,0,Hot Food Service,null,null,12,29.759999999999998,21
HOUSE ACCOUNT,0,Edible Groc,null,null,12,53.09,12
CASH,0,Scratch Offs,null,null,12,117,17
COUPON,0,LOTTO IN,null,null,11,468,11
CASH,0,No Tax Grocery,null,null,11,60.04,11
COUPON,0,SCRATCH WIN,null,null,11,-50,11
CREDIT,0,BEER/LIQUOR,null,null,11,72.93,13
CREDIT,0,GROCERY HI TAX,null,null,11,38.6,18
CASH,0,GROCERY NONTAX,null,null,11,49.49,11
DEBIT,0,BOT RET,null,null,11,-1.3,11
DEBIT,0,Lottery Winner,null,null,11,-119,11
DEBIT,0,LOTTERY SCRATCHER,null,null,11,189.29,11
CASH,0,LOTTO WINNER,null,null,11,-45101,12
HOUSE ACCOUNT,0,Beer & Wine,null,null,11,45.089999999999996,12
CASH,0,OTHER SNACKS,null,null,11,15.12,11
HOUSE ACCOUNT,0,Beer Wine Liquor,null,null,11,206.82999999999998,18
HOUSE ACCOUNT,0,Lunch Deli,null,null,11,74.85000000000001,16
DEBIT,0,GEN CIGS,null,null,11,136.89999999999998,23
COUPON,0,GEN MERCH,null,null,11,42.4,12
CASH,0,Hot Food,null,null,11,61.34,12
CREDIT,0,Lotto Winner,null,null,11,-58,11
DEBIT,0,Scratch Off Payout,null,null,11,-134,11
HOUSE ACCOUNT,0,CAR WASH,null,null,11,267.46000000000004,12
COUPON,0,Money Order,null,null,11,1253.72,12
COUPON,0,ONLINE WIN,null,null,11,-55,11
DEBIT,0,CANDY BARS,null,null,10,35.8,10
COUPON,0,NON TAX GROCERY,null,null,10,8.2,10
COUPON,0,DELI HOT,null,null,10,35.099999999999994,10
DEBIT,0,LOTTERY PAID  OUT,null,null,10,-50,10
COUPON,0,LOTTO PO,null,null,10,-85,10
CASH,0,Fee,null,null,10,1.93,11
CHECK,0,PRODUCE,null,null,10,35.67,10
CREDIT,0,Newspaper,null,null,10,9.48,10
CREDIT,0,Lottery Scratch Tkt,null,null,10,133,10
HOUSE ACCOUNT,0,Other Tobacco,null,null,10,79.28999999999999,14
DEBIT,0,Bakery,null,null,10,44.60000000000001,15
CREDIT,0,GROCERY N,null,null,10,53.73,10
LOTTERY,0,Edible Grocery NT,null,null,10,38.21,10
DEBIT,0,CHEW,null,null,10,200.12,23
EBT,0,SALTY SNACKS,null,null,10,35.81,10
DEBIT,0,BEERS,null,null,10,156.9,10
CREDIT,0,GROCERY TAXABLE,null,null,10,35.92,18
CREDIT,0,BEERS,null,null,10,126.00999999999999,10
CASH,0,MONEY ORDERS/MON,null,null,10,0.1,10
COUPON,0,POWERBALL,null,null,10,106,10
DEBIT,0,E-Cigs,null,null,10,189.79,10
CREDIT,0,GROCERY LO TAX,null,null,10,12.219999999999999,10
CASH,0,Mo Fees,null,null,10,16.28,10
CREDIT,0,Beer - Wine,null,null,10,104.91999999999999,10
CASH,0,CHEVRON GIFTCARD,null,null,10,340,10
CREDIT,0,No Tax Grocery,null,null,10,44.02000000000001,10
COUPON,0,CIGS,null,null,10,66.85000000000001,12
CHECK,0,BEER,null,null,9,273.32,26
CHECK,0,Giftcard,null,null,9,2600,9
CREDIT,0,Giftcard,null,null,9,233.89999999999998,9
DEBIT,0,PK CIGS,null,null,9,37.83,10
CASH,0,GROCERY N,null,null,9,18.74,9
HOUSE ACCOUNT,0,Alt Snacks,null,null,9,33.6,10
CREDIT,0,Gift Cards,null,null,9,425,9
DEBIT,0,Lunch Deli,null,null,9,43.790000000000006,11
CREDIT,0,E-Cigs,null,null,9,143.89,9
CASH,0,EMPLOYEE MEAL,null,null,9,-110.17999999999999,9
COUPON,0,LIQUOR,null,null,9,65.85,16
CASH,0,VAPES,null,null,9,105.91999999999999,9
DEBIT,0,Lotto payout,null,null,9,-125,9
CASH,0,BEERS,null,null,9,142.39999999999998,9
EBT,0,ONLINE LOTTO,null,null,9,61,9
COUPON,0,Lotto Pay Out,null,null,9,-170,9
COUPON,0,CIG CTN,null,null,9,469.86,9
COUPON,0,Grocery Non Tax,null,null,9,9.559999999999999,11
CHECK,0,Candy,null,null,9,0.27,9
EBT,0,NON-GROCERY,null,null,9,24.32,10
CREDIT,0,LOTTERY PAID  OUT,null,null,9,-40,9
CREDIT,0,AUTO OIL,null,null,9,39.06,9
CASH,0,NEWSPAPERS,null,null,9,9.3,9
CREDIT,0,CHEW,null,null,8,98.31,19
EBT,0,GENERAL,null,null,8,23.84,8
LOTTERY,0,BEER,null,null,8,32.12,8
CASH,0,CASH CARD SALE,null,null,8,495,8
DEBIT,0,Hot Food,null,null,8,36.900000000000006,10
CREDIT,0,Delivery fee,null,null,8,30.5,8
EBT,0,GROCERY LO TAX,null,null,8,13.99,11
EBT,0,Edible Grocery NT,null,null,8,32.5,8
GIFT CARD,0,Online Lottery,null,null,8,38,8
CREDIT,0,2% Groc,null,null,8,11.860000000000001,8
CREDIT,0,CHEVRON GIFT CARDS,null,null,8,530,8
CASH,0,Beer - Wine,null,null,8,143.24999999999997,8
CREDIT,0,Groceries,null,null,8,295.55999999999995,8
COUPON,0,Fast Food,null,null,8,16.72,8
COUPON,0,CARTON CIGS,null,null,8,588.08,26
HOUSE ACCOUNT,0,Water,null,null,8,69.9,10
CREDIT,0,LOTTERY SCRATCH,null,null,8,63,11
EBT,0,GEN MERCHANDISE,null,null,8,153.85,12
DEBIT,0,Novelties,null,null,8,70.53,48
EBT,0,LOTTERY PAYOUTS,null,null,8,-82,8
CHECK,0,ONLINE,null,null,8,81,8
DEBIT,0,Money Orders,null,null,8,42.44,8
DEBIT,0,AUTO OIL,null,null,7,27.82,7
CASH,0,scratch off lottery,null,null,7,183,7
EBT,0,NOVELTIES,null,null,7,55.94,7
CASH,0,PHONE CARDS,null,null,7,181.93,7
EBT,0,Lottery Payout,null,null,7,-36,7
CHECK,0,SCRTCH,null,null,7,180,7
CREDIT,0,HOT DISPENSED BEVERA,null,null,7,126.92999999999999,9
DEBIT,0,AUTOMOTIVE PRODUCTS,null,null,7,50.32,8
HOUSE ACCOUNT,0,Grocery Non Tax,null,null,7,99.92,7
CREDIT,0,Cigs,null,null,7,120.49,7
COUPON,0,LOTTO SALE,null,null,7,88,7
COUPON,0,ALCOHOL,null,null,7,61.14000000000001,8
HOUSE ACCOUNT,0,DELI HOT,null,null,7,17.630000000000003,7
CASH,0,vape,null,null,7,45.01,12
COUPON,0,SCRATCH PAID OUT,null,null,7,-145,7
CASH,0,Cigs,null,null,7,99.16,11
GIFT CARD,0,EDIBLE GROCERY N,null,null,7,26.43,7
COUPON,0,BEER/WINE,null,null,7,124.7,10
EBT,0,Liquor,null,null,7,51.96,9
EBT,0,LOTTERY PAYOUT,null,null,7,-39,7
CASH,0,TBACO,null,null,7,13.379999999999999,12
CHECK,0,TAX GROCRY,null,null,7,58.660000000000004,7
CREDIT,0,Bp Gift Card,null,null,7,175,7
COUPON,0,LOTTO PAYOUT,null,null,7,-69,7
HOUSE ACCOUNT,0,ICE CREAM,null,null,7,37.510000000000005,9
DEBIT,0,LOTTO-ONLINE,null,null,7,37,7
COUPON,0,SCRATCH OFF,null,null,7,62,7
COUPON,0,Cigarette,null,null,7,76.54,7
CREDIT,0,GROCERY NONTAX,null,null,7,33.85,7
COUPON,0,ONLINE LOTTERY,null,null,7,75.5,7
COUPON,0,Tobacco,null,null,7,32.39,7
EBT,0,INSTANT LOTTERY,null,null,6,81.99,6
COUPON,0,BOTTLE RETURNS,null,null,6,-8.6,6
HOUSE ACCOUNT,0,Gift Card Activate,null,null,6,400,6
EBT,0,GROC TAXABLE,null,null,6,35.92,8
CASH,0,MEAT SNACKS,null,null,6,21.509999999999998,6
EBT,0,POWERBALL,null,null,6,36,6
DEBIT,0,SPORTS DRINKS,null,null,6,20.060000000000002,6
HOUSE ACCOUNT,0,BOTTLE RETURN,null,null,6,-7.05,6
CASH,0,Cig Carton,null,null,6,280.88,6
COUPON,0,CIGGS,null,null,6,94.53,16
COUPON,0,271 LOTTO,null,null,6,40,6
COUPON,0,INSTANT LOTTERY,null,null,6,117,6
CASH,0,KKC,null,null,6,38.04,6
CHECK,0,SCRATCH PAYOUT,null,null,6,-56,6
CREDIT,0,MOBILE COUPON,null,null,6,-9,6
LOTTERY,0,CANDY,null,null,6,10.97,6
DEBIT,0,CASH CARD SALE,null,null,6,420,6
CREDIT,0,Money Orders,null,null,6,218.98000000000002,6
DEBIT,0,GROCERY T,null,null,6,32.44,6
CASH,0,VALS GIFT CARD RDM,null,null,6,-57.73,6
DEBIT,0,GROCERY N,null,null,6,5.49,6
LOTTERY,0,LOTTERY INSTANT,null,null,6,62,6
CASH,0,Bakery,null,null,6,17.16,7
DEBIT,0,Gift Cards,null,null,6,375,6
CASH,0,Bp Gift Card,null,null,6,150,6
CREDIT,0,CIG PACKS,null,null,6,86.59,6
COUPON,0,PIZZA,null,null,6,24.43,7
LOTTERY,0,LIQUOR,null,null,6,16.35,15
CHECK,0,LOTTERY PAID OUTS,null,null,6,-14,6
CREDIT,0,Accessories,null,null,6,18,6
EBT,0,NONEDIBLE GROCERY,null,null,6,24.94,6
CREDIT,0,GROCERY NTAX,null,null,6,31.559999999999995,7
CHECK,0,LOTTERY SCRATCH P/O,null,null,6,-50,6
CHECK,0,GIFT CARD,null,null,6,250,6
DEBIT,0,EMPLOYEE MEAL,null,null,5,-13.6,5
CASH,0,Donuts,null,null,5,17.450000000000003,7
CASH,0,BOTTLE DEPOSIT REFUND,null,null,5,-128,5
EBT,0,CIG CTN,null,null,5,100.66,5
CREDIT,0,CANDY BARS,null,null,5,15.950000000000001,5
EBT,0,deli no tax,null,null,5,6.35,5
LOTTERY,0,Licenses,null,null,5,182,5
DEBIT,0,SCRATCH,null,null,5,27.009999999999998,5
DEBIT,0,SCRATCH PAY OUT,null,null,5,-28,5
EBT,0,Grocery Taxable,null,null,5,22.939999999999998,6
HOUSE ACCOUNT,0,PREPAID CARDS,null,null,5,250,5
CREDIT,0,SCRACH,null,null,5,46,6
CASH,0,GROCERY T,null,null,5,15.84,6
COUPON,0,Food,null,null,5,10,12
LOTTERY,0,OTHER TOBACCO,null,null,5,36.839999999999996,6
DEBIT,0,CARTON CIGS,null,null,5,355.08,5
CHECK,0,lotto on line,null,null,5,7,5
CHECK,0,LOTTERYPAYOUT,null,null,5,-19,5
CASH,0,Energy drinks,null,null,5,14.94,5
CREDIT,0,Bottle-can returns,null,null,5,-0.15000000000000002,28
DEBIT,0,COFFEE/FOUNTAIN,null,null,5,5.25,6
DEBIT,0,Cigs,null,null,5,58.24999999999999,8
DEBIT,0,ONLOTTO,null,null,5,463.65,5
CASH,0,BOT RET,null,null,5,-18.550000000000004,5
COUPON,0,GROC T,null,null,5,27.52,9
EBT,0,NEWSPAPER,null,null,5,11.5,5
DEBIT,0,GROC NON TAX,null,null,5,14.260000000000002,5
EBT,0,LTTRY PAYOUT,null,null,5,-30,5
CASH,0,E-Cigs,null,null,5,134.15,7
CHECK,0,SCRATCH WIN,null,null,5,-150,5
CREDIT,0,CIGG PACKS,null,null,5,31.419999999999998,9
COUPON,0,MISC,null,null,5,8.76,6
COUPON,0,WATER,null,null,5,12.86,5
LOTTERY,0,SALTY SNACKS,null,null,5,21.25,5
EBT,0,SCRATCH OFF,null,null,5,42.59,5
CREDIT,0,Novelties,null,null,5,31.279999999999998,5
DEBIT,0,CIGARETTES CARTON,null,null,5,13.32,8
EBT,0,NON GROC,null,null,5,9.15,5
CHECK,0,Breakfast,null,null,5,21.44,6
CREDIT,0,VAPES,null,null,5,81.91,9
HOUSE ACCOUNT,0,Grocery no tax,null,null,5,23.2,5
COUPON,0,NOVELTIES,null,null,4,61.95,5
CASH,0,AUTO OIL,null,null,4,19.34,9
CASH,0,MO FEE,null,null,4,2.1299999999999994,4
CASH,0,FOOD,null,null,4,7.96,4
DEBIT,0,VAL'S GIFT CARD SOLD,null,null,4,235,4
CASH,0,SCRATCHER,null,null,4,1699,4
HOUSE ACCOUNT,0,CIGS,null,null,4,27.439999999999998,4
CREDIT,0,Bakery,null,null,4,28.92,9
COUPON,0,CIG CARTON,null,null,4,246.20000000000002,31
DEBIT,0,OTHER SNACKS,null,null,4,10.49,4
DEBIT,0,Giftcard,null,null,4,125,4
DEBIT,0,PACK CIG,null,null,4,50.57,4
EBT,0,Beer,null,null,4,21.84,5
COUPON,0,grocery,null,null,4,7.99,5
COUPON,0,Gen Merch,null,null,4,4.960000000000001,4
COUPON,0,Lottery On-Line,null,null,4,44,4
CREDIT,0,BOT RET,null,null,4,-0.55,4
CASH,0,Lottery Sales,null,null,4,69,4
LOTTERY,0,COFFEE,null,null,4,7.16,4
CASH,0,GIFT CARD ACTIVATION,null,null,4,300,4
CHECK,0,Produce,null,null,4,12.17,11
DEBIT,0,CASHCARDACT,null,null,4,200,4
CASH,00045464187560,"""CABLE TIES,4""""-7""""-11 ASSTD",null,null,4,24,16
DEBIT,0,Prepaid Cards,null,null,4,85,4
EBT,0,STORE COUPON,null,null,4,-10.61,4
CREDIT,0,CIGARETTE,null,null,4,9.54,6
DEBIT,0,DELI RESALE,null,null,4,11.97,4
CASH,0,K.K. CHICKEN,null,null,4,7.66,4
CHECK,0,MISC,null,null,4,69.37,4
EBT,0,MANUFACTURING COUPON,null,null,4,-8,4
EBT,0,EDIBLE GROCERY T,null,null,4,15.770000000000001,4
COUPON,0,Lottery  Sales Winner,null,null,4,-27,4
DEBIT,0,No Tax Grocery,null,null,4,15.01,4
COUPON,0,BAKERY,null,null,4,4,4
DEBIT,0,STORE COUP,null,null,4,-16.58,4
LOTTERY,0,PREPAID CARD,null,null,4,45,4
COUPON,0,Chicken,null,null,4,31.540000000000003,4
HOUSE ACCOUNT,0,Giftcard,null,null,4,225,4
HOUSE ACCOUNT,0,SCRTCH,null,null,4,20,5
CREDIT,0,PHONE CARD,null,null,4,8,4
CHECK,0,Hot Food Service,null,null,4,12.450000000000001,5
EBT,0,BEER & WINE,null,null,4,18.16,4
COUPON,0,Lottery,null,null,4,24,4
COUPON,0,NON GROCERY,null,null,4,11.529999999999998,4
EBT,0,Lotto,null,null,4,10,4
COUPON,0,NON GROC,null,null,4,11.780000000000001,6
CHECK,0,Grocery,null,null,4,41.28999999999999,4
EBT,0,CANDY BARS,null,null,4,14.76,4
EBT,0,NEWS,null,null,4,6.09,4
CREDIT,0,PK CIGS,null,null,4,20.35,5
CHECK,0,LOTTO PAYOUT,null,null,4,-7,4
CASH,0,PK CIGS,null,null,4,9.850000000000001,5
DEBIT,0,TBACO,null,null,4,6.86,4
CREDIT,0,CARTON,null,null,4,75.69,4
COUPON,0,ICE CREAM,null,null,4,13.260000000000002,4
EBT,0,TAX GROCRY,null,null,4,23.39,13
COUPON,0,PRODUCE,null,null,4,7.79,4
CREDIT,0,CASHCARDACT,null,null,4,170,4
CASH,0,GROCERY NTAX,null,null,4,14.96,4
HOUSE ACCOUNT,0,Bakery,null,null,4,11.72,4
COUPON,0,VAPE,null,null,4,56.89999999999999,4
CHECK,0,GROCERY N TAX,null,null,3,453.13,3
DEBIT,00029069020200,"""1"""" GOLD NUMB",null,null,3,18,9
DEBIT,0,FOOD,null,null,3,3.9899999999999998,3
COUPON,0,CHICKEN,null,null,3,2.67,3
EBT,0,BOTTLE RETURN,null,null,3,-8.2,3
CREDIT,0,LOTTO IN,null,null,3,23,3
CHECK,0,Liquor,null,null,3,21.880000000000003,12
CREDIT,0,STORE COUP,null,null,3,-15.030000000000001,3
HOUSE ACCOUNT,0,LOTTERY P/O,null,null,3,-15,3
DEBIT,0,MONEY ORDER,null,null,3,41.489999999999995,3
CREDIT,0,Instant Lottery,null,null,3,40,4
LOTTERY,0,Fast Food,null,null,3,9.47,3
HOUSE ACCOUNT,0,HOT DELI,null,null,3,5.73,3
CREDIT,0,Online Sales,null,null,3,37,3
DEBIT,0,Vapes,null,null,3,53.97,3
CHECK,0,CIG CTN,null,null,3,227.95000000000002,5
CHECK,0,HOT DELI,null,null,3,6.57,3
CHECK,0,ONLINE WIN,null,null,3,-137,3
COUPON,0,Cigarettes,null,null,3,30.18,3
COUPON,0,EDIBLE GROCERY T,null,null,3,35.099999999999994,4
CREDIT,0,online lottery,null,null,3,9,3
COUPON,0,GROCERY NON-TAXABLE,null,null,3,11.08,3
DEBIT,0,Bottle-can returns,null,null,3,-0.1,3
CREDIT,0,LOTTERY GAMING,null,null,3,11.5,3
CASH,0,COFFEE/FOUNTAIN,null,null,3,22.19,3
COUPON,0,DELI LUNCH,null,null,3,8.67,3
CREDIT,0,CIGARETTES CARTON,null,null,3,49.22,18
COUPON,0,LOTTERY SCRATCH P/O,null,null,3,-18,3
CASH,0,GAMING,null,null,3,-2310,3
CREDIT,0,OTHER BEER,null,null,3,40.97,3
DEBIT,0,PHONE CARDS,null,null,3,3.54,3
COUPON,0,Candy,null,null,3,2.94,6
COUPON,0,LOTTO-OUT,null,null,3,-124,3
COUPON,0,OTHER DELI,null,null,3,2.67,3
EBT,0,LOTTERY P/O,null,null,3,-107,3
EBT,0,TAXABLE GROCERY,null,null,3,3.8699999999999997,3
CASH,0,COFFE,null,null,3,3.26,3
COUPON,0,Produce,null,null,3,8.48,3
COUPON,0,GROCERY FOOD,null,null,3,9.97,3
COUPON,0,NOVELTY,null,null,3,13.97,3
EBT,0,LOTTO PAY OUT,null,null,3,-42,3
CREDIT,0,NEWSPAPERS,null,null,3,3,3
CREDIT,0,CANDY-OTHER,null,null,3,9.370000000000001,3
DEBIT,0,LotteryOnline,null,null,3,11,3
DEBIT,0,CIGARETTE,null,null,3,5.46,4
CREDIT,0,Restaurant,null,null,3,66.75,3
HOUSE ACCOUNT,00045464300747,"""3/8"""" X 50' TIRE INFLATOR",null,null,3,18,108
EBT,0,CIGS,null,null,3,5.95,6
COUPON,0,NON TAX GROC,null,null,3,5.98,3
CREDIT,0,Hot Food,null,null,3,9.97,3
COUPON,0,CIG PACK,null,null,3,188.56,6
COUPON,0,LOTTERY PAY-OUT,null,null,3,-9,3
HOUSE ACCOUNT,0,Lotto,null,null,3,12,3
CASH,0,Phone card,null,null,3,17,3
CASH,0,SPORTS DRINKS,null,null,3,18.490000000000002,3
CHECK,0,E-CIG,null,null,3,89.97999999999999,3
LOTTERY,0,BEER & WINE,null,null,3,10.26,5
COUPON,0,PK CIGS,null,null,3,20.18,3
CASH,0,CITGO COUPON,null,null,3,-4.5,3
CHECK,0,BOTTLE RETURN,null,null,3,-65,3
EBT,0,LOTTO P/O,null,null,3,-18,3
CREDIT,0,Lotto Sale,null,null,3,8,3
DEBIT,0,Publications,null,null,3,16.990000000000002,3
COUPON,0,GROCERY NON-TAX,null,null,3,5.279999999999999,3
CASH,0,WINGS,null,null,3,0,3
CREDIT,0,EMPLOYEE MEAL,null,null,3,-5.2299999999999995,3
CREDIT,0,Mobile Coupon,null,null,3,-5.5,3
EBT,0,Beer/Wine,null,null,3,15.06,4
CHECK,0,LOTTO ONLINE,null,null,3,24,3
EBT,0,LOTTRY,null,null,2,4,2
CASH,0,Cellphone card,null,null,2,28,3
DEBIT,0,PACKAGED SWEET SNACKS,null,null,2,2.09,2
EBT,0,LOTTO PAID OUT,null,null,2,-22,2
CREDIT,0,PACK CIG,null,null,2,15.389999999999999,2
COUPON,0,Novelty,null,null,2,12.98,2
DEBIT,0,NO TX DELI,null,null,2,6.34,2
CASH,0,AUTOMOTIVE PRODUCTS,null,null,2,7.98,2
CHECK,0,GEN MERCHANDISE,null,null,2,8.98,2
DEBIT,0,LOTTO INSTANT,null,null,2,18.490000000000002,2
COUPON,0,NEWS PAPER,null,null,2,2.5,2
GIFT CARD,0,Edible Grocery NT,null,null,2,44.21,2
CASH,0,SCRATCHERS,null,null,2,33,2
CREDIT,0,SCRATCH,null,null,2,16,2
DEBIT,00045464300747,"""3/8"""" X 50' TIRE INFLATOR",null,null,2,12,72
DEBIT,0,vape,null,null,2,31.99,2
CREDIT,0,vape,null,null,2,60,2
EBT,0,Novelty,null,null,2,8.97,3
DEBIT,0,Sweet Snacks,null,null,2,5.99,2
HOUSE ACCOUNT,0,LOTTERY PAYOUT,null,null,2,-4,2
HOUSE ACCOUNT,0,COUPON,null,null,2,-6,2
DEBIT,0,GENERAL MDSE,null,null,2,0.1,2
CHECK,0,CIG,null,null,2,14.77,2
COUPON,0,GENERAL,null,null,2,3.99,2
CHECK,0,Chicken,null,null,2,11.68,2
CASH,0,18 Perishable Grocery,null,null,2,7.48,2
CREDIT,0,AUTOMOTIVE PRODUCTS,null,null,2,7.98,2
COUPON,0,SNUFF,null,null,2,25.979999999999997,2
EBT,0,Lotto Winner,null,null,2,-5,2
EBT,0,BEER WINE,null,null,2,7.58,2
HOUSE ACCOUNT,00045464187560,"""CABLE TIES,4""""-7""""-11 ASSTD",null,null,2,12,8
CHECK,0,Online Payout,null,null,2,-16,2
CASH,00045464798605,"LG RUBBERIZED FL,5.5""""""",null,null,2,13.98,null
CREDIT,0,FOOD,null,null,2,3.98,2
EBT,0,SWEET SNACKS,null,null,2,3.08,2
COUPON,0,Fountain,null,null,2,1.58,2
CHECK,0,HOT FOOD,null,null,2,10.18,2
COUPON,0,LOTTRY,null,null,2,20,2
GIFT CARD,0,EDIBLE GROCERY T,null,null,2,24.83,3
CREDIT,0,autoparts,null,null,2,19.78,2
LOTTERY,0,GENMERCHNT,null,null,2,4.98,2
CREDIT,0,Energy drinks,null,null,2,5.98,2
EBT,0,GROCERY FOOD,null,null,2,6.68,2
CHECK,0,CIGARS,null,null,2,34.2,30
HOUSE ACCOUNT,0,VENDOR COUPON,null,null,2,-4.5,2
COUPON,0,Edible Grocery NT,null,null,2,2.4,2
LOTTERY,0,EDIBLE GROCERY T,null,null,2,5.99,2
HOUSE ACCOUNT,0,Deli Hot,null,null,2,14.48,2
DEBIT,0,Check Fee,null,null,2,8.99,2
CREDIT,0,Gift card activation,null,null,2,200,2
COUPON,0,GROCERY HI TAX,null,null,2,6.39,2
COUPON,0,WINE,null,null,2,10.99,2
DEBIT,0,Energy drinks,null,null,2,8.98,2
CREDIT,0,VAL'S GIFT CARD SOLD,null,null,2,56.9,2
COUPON,0,online lottery,null,null,2,13,2
CASH,0,FEE,null,null,2,13.99,2
CREDIT,0,MONEY ORDER,null,null,2,94.49,2
CASH,0,HOT DISPENSED BEVERA,null,null,2,39.98,2
CHECK,0,GROCERY NON TAXABLE,null,null,2,4,2
COUPON,0,LOTTO PAID OUT,null,null,2,-14,2
COUPON,0,Beer & Wine,null,null,2,42.58,2
HOUSE ACCOUNT,0,Non Edible Grocery,null,null,2,22.4,3
DEBIT,0,COFFE,null,null,2,8.59,2
COUPON,0,PUBLICATIONS,null,null,2,2,2
CHECK,0,CHICKEN,null,null,2,4.98,2
DEBIT,0,online lottery,null,null,2,46,2
CASH,0,CARTON,null,null,2,20.88,2
CASH,0,Giftcard Recharge,null,null,2,160,2
COUPON,0,CHIPS,null,null,2,9.77,3
LOTTERY,0,NEWSPAPER,null,null,2,6.49,2
COUPON,0,LOTTERY PAID OUTS,null,null,2,-17,2
DEBIT,0,PERISHABLE GROCERY,null,null,2,6.779999999999999,2
CHECK,0,PUBLICATIONS,null,null,2,2.5,2
COUPON,0,GENERAL MERCHANDISE,null,null,2,49.980000000000004,2
CREDIT,0,LOTTO P.O,null,null,2,-22,2
DEBIT,00045464302666,"""18"""" STEERING WHEEL COVER",null,null,2,12,52
CHECK,0,POWERBALL PAYOUT,null,null,2,-10,2
LOTTERY,0,CIGARETTES,null,null,2,30.11,2
CASH,0,Gen Merchandise,null,null,2,7.68,2
CREDIT,0,Check Fee,null,null,2,19.98,2
EBT,0,NON GROCERY,null,null,2,0.35,2
CASH,0,SCRATCH LOTTERY,null,null,2,20,2
COUPON,0,ONLINE LOTO,null,null,2,6,2
COUPON,0,General Merchandise,null,null,2,6.08,2
CASH,0,19 Edible Grocery,null,null,2,2.48,2
CREDIT,0,Delivery,null,null,2,5,2
CHECK,0,Tobacco,null,null,2,87.98,3
HOUSE ACCOUNT,0,COFFEE,null,null,2,4.38,2
CHECK,0,ice bag,null,null,2,5.28,2
CASH,0,Sweet Snacks,null,null,2,12,2
CREDIT,0,PHONE CARDS,null,null,2,83,2
CREDIT,0,Delivery Fee,null,null,2,7.5,2
DEBIT,0,Lotto Payout,null,null,2,-8,2
COUPON,0,FAST FOOD,null,null,2,3.78,2
CASH,0,PHONE-CARD,null,null,1,2,1
CHECK,0,LOTTERY P/O,null,null,1,0,1
CREDIT,0,DELI RESALE,null,null,1,150,1
CHECK,0,AUTO OIL,null,null,1,22.79,1
HOUSE ACCOUNT,0,STORE COUPON,null,null,1,-12.83,1
CREDIT,0,Sweet Snacks,null,null,1,4.5,1
DEBIT,0,ALTERNATIVE SNACKS,null,null,1,1,1
CHECK,0,Beer,null,null,1,22.99,1
CASH,0,Gift card activation,null,null,1,25,1
COUPON,0,Edible Groceries,null,null,1,1.29,1
CASH,0,ROLLER GRILL,null,null,1,3,1
CREDIT,0,SCRATCHERS,null,null,1,10,1
DEBIT,00045464798605,"LG RUBBERIZED FL,5.5""""""",null,null,1,6.99,null
COUPON,0,GROCERIES,null,null,1,4.75,1
GIFT CARD,0,Lottery Payout,null,null,1,-50,1
HOUSE ACCOUNT,00045464798605,"LG RUBBERIZED FL,5.5""""""",null,null,1,6.99,null
COUPON,0,CIGG PACKS,null,null,1,1.69,1
CASH,0,SIMY DELI TAX,null,null,1,14,1
CHECK,0,DELI COLD,null,null,1,31.63,1
DEBIT,0,SCRATCHER,null,null,1,10,1
CHECK,0,GENERAL MERCH,null,null,1,4.4,1
CASH,0,Groceries,null,null,1,1,1
DEBIT,0,FEE,null,null,1,3.99,1
COUPON,0,LOTTO Scratch,null,null,1,20,1
COUPON,0,LOTTO Cash,null,null,1,-20,1
CREDIT,0,Vapes,null,null,1,24.99,1
CHECK,0,WINE,null,null,1,10,1
COUPON,0,POWERBALL SALE,null,null,1,2,1
CHECK,0,DELI HOT FOODS,null,null,1,3.99,1
DEBIT,0,NEWSPAPERS,null,null,1,1,1
DEBIT,0,19 Edible Grocery,null,null,1,1.89,1
COUPON,0,Lottery Online,null,null,1,10,1
EBT,0,BOT RET,null,null,1,-0.05,1
LOTTERY,0,Non Tax Grocery,null,null,1,5,1
DEBIT,0,DELI FOOD,null,null,1,5.5,1
DEBIT,0,GROCERY NTAX,null,null,1,0.25,1
HOUSE ACCOUNT,0,GENERAL MERCHANDISE,null,null,1,5,1
COUPON,0,GROCERY NON TAXABLE,null,null,1,1.99,1
DEBIT,0,SCRATCH OFF LOTTERY,null,null,1,3.99,1
COUPON,0,LOTTO P/O,null,null,1,-30,1
CHECK,0,LOTTO ONLINE P/O,null,null,1,-3,1
CHECK,0,CAR WASH,null,null,1,226.41,1
CHECK,0,GROC TX,null,null,1,1.78,2
CREDIT,0,GIFT CARD ACTIVATION,null,null,1,100,1
CASH,0,GIFT CERT/CARDS,null,null,1,0.04,1
CREDIT,0,Gen Merchandise,null,null,1,0.25,1
CHECK,0,GROCERY TAXABLE,null,null,1,0.39,1
HOUSE ACCOUNT,0,FOOD BAR/DELI,null,null,1,4.99,1
EBT,0,KKC,null,null,1,11.98,2
CREDIT,0,SCRATCH OFF LOTTERY,null,null,1,3,1
CASH,0,ALTERNATIVE SNACKS,null,null,1,1,1
EBT,0,CANDY-OTHER,null,null,1,2.49,1
COUPON,0,NON EDIBLE GROCERY,null,null,1,4.19,1
EBT,0,MONEY ORDER,null,null,1,11.29,1
EBT,0,GROCERY NONFOOD,null,null,1,2.69,1
EBT,0,04 Beer,null,null,1,1.69,1
HOUSE ACCOUNT,0,SCRATCH PAYOUT,null,null,1,-14,1
DEBIT,0,5001-Grocery,null,null,1,0.29,1
HOUSE ACCOUNT,0,Lottery,null,null,1,2,1
LOTTERY,0,WATER,null,null,1,1,1
HOUSE ACCOUNT,0,GIFT CARDS,null,null,1,25,1
COUPON,0,Lotto PO,null,null,1,-3,1
HOUSE ACCOUNT,0,WATER,null,null,1,0.01,1
EBT,0,NON EDIBLE GROCERY,null,null,1,1.29,1
HOUSE ACCOUNT,0,Cigarette,null,null,1,0,1
CREDIT,0,CITGO COUPON,null,null,1,-1,1
GIFT CARD,0,LOTTO,null,null,1,4,1
EBT,0,Food Service,null,null,1,0,1
COUPON,0,Liquor,null,null,1,10.99,1
LOTTERY,0,BEER AND WINE,null,null,1,4.99,1
COUPON,0,DELI HOT FOODS,null,null,1,3.99,1
CREDIT,0,Lotto payout,null,null,1,-20,1
CASH,00045464302666,"""18"""" STEERING WHEEL COVER",null,null,1,6,26
CASH,00045464180073,"""PADLOCK,2"""" LAMINATED",null,null,1,6,14
COUPON,0,LOTTO ONLINE,null,null,1,15,1
HOUSE ACCOUNT,0,Lotto PO,null,null,1,-3,1
EBT,0,Breakfast,null,null,1,3.49,1
EBT,0,LOTTERY PD OUT,null,null,1,-7.39,1
EBT,0,CIGARETTS,null,null,1,3.99,1
CHECK,0,CIG COUP,null,null,1,-1,1
CASH,0,NO TX DELI,null,null,1,3.18,2
DEBIT,0,Lottery Sales,null,null,1,40,1
CHECK,0,ICE CREAM,null,null,1,3.69,1
EBT,0,WINE,null,null,1,3.29,1
CREDIT,0,LOTTO INSTANT,null,null,1,17,1
COUPON,0,misc,null,null,1,3.99,1
COUPON,0,GROC..,null,null,1,2.49,1
DEBIT,0,MEAT SNACKS,null,null,1,1.99,1
DEBIT,0,K.K. CHICKEN,null,null,1,1.99,1
CASH,0,"""Genoa Special 12""""(Pepperoni",null,null,1,null,null
LOTTERY,0,FEE,null,null,1,15,1
EBT,0,PIZZA,null,null,1,5.99,1
COUPON,0,EDIBLE GROCERY N,null,null,1,2.69,1
EBT,0,LOTTERY SCRATCH,null,null,1,20,1
CHECK,0,CHEW,null,null,1,31.25,1
CHECK,0,BILL PAY,null,null,1,233,1
CREDIT,0,Bot Return,null,null,1,-0.1,1
LOTTERY,0,CIGARS,null,null,1,0.89,1
LOTTERY,0,GENERAL MERCHANDISE,null,null,1,2.29,1
COUPON,0,HOT FOODS,null,null,1,3.79,1
CHECK,0,General Merchandise,null,null,1,1.99,1
EBT,0,LOTTO-PO,null,null,1,-10,1
CREDIT,0,CARTON CIGS,null,null,1,36.39,1
CREDIT,0,WINGS,null,null,1,0,1
EBT,0,Energy Drink,null,null,1,0,1
HOUSE ACCOUNT,0,Powerball,null,null,1,10,1
EBT,0,OTHER Tobacco,null,null,1,19.99,1
CREDIT,0,OTHER SNACKS,null,null,1,0.85,1
EBT,0,SCRATCH TICKET,null,null,1,3,1
CREDIT,0,Cellphone card,null,null,1,39.99,1
CHECK,0,VAL'S GIFT CARD SOLD,null,null,1,40,1
EBT,0,COUPONS,null,null,1,-1.5,1
EBT,0,CIG COUP,null,null,1,-1,1
CREDIT,0,merchandise,null,null,1,7.99,1
CASH,0,CIG PAK,null,null,1,8.35,1
COUPON,0,Cigarettes Premium,null,null,1,19.98,2
CHECK,0,SCRATCH TICKET,null,null,1,2,1
CHECK,0,Lottery On-Line,null,null,1,4,1
CHECK,0,CHEWING TOBACCO,null,null,1,19.65,1
DEBIT,0,Groceries,null,null,1,0.01,1
EBT,0,Vape Products,null,null,1,26.99,1
CASH,0,BREAKFAST,null,null,1,2.29,1
COUPON,0,Salty Snacks,null,null,1,3.58,2
CASH,0,5001-Grocery,null,null,1,13.99,1
CREDIT,0,TBACO,null,null,1,11.9,10
EBT,0,GROCERY HI TAX,null,null,1,1,1
CREDIT,0,SPORTS DRINKS,null,null,1,1.99,1
CHECK,0,CIG PK,null,null,1,7.19,1
CHECK,0,Lottery Paid out,null,null,1,-2,1
DEBIT,0,COFFEE REFILL,null,null,1,5,1
COUPON,0,CIGARETTES CARTON,null,null,1,15.66,2
CREDIT,0,power ball,null,null,1,150,1
HOUSE ACCOUNT,0,LOTTERY PAID OUTS,null,null,1,-4,1
DEBIT,0,18 Perishable Grocery,null,null,1,5.56,4
COUPON,0,CIG PACKS,null,null,1,13.38,2
CASH,0,Mobile Coupon,null,null,1,-1.5,1
HOUSE ACCOUNT,0,PHONE CARDS,null,null,1,1.18,1
CASH,0,PERISHABLE GROCERY,null,null,1,0.99,1
DEBIT,0,WINGS,null,null,1,0,1
CHECK,0,Newspaper,null,null,1,1,1
CREDIT,0,COFFE,null,null,1,4.59,1
CASH,0,Machine payout,null,null,1,0,1
HOUSE ACCOUNT,0,Lottery Payout,null,null,1,-20,1
CASH,0,CARWASH,null,null,1,20.99,1
HOUSE ACCOUNT,0,misc,null,null,1,2.99,1
HOUSE ACCOUNT,0,Lotto Paid out,null,null,1,-1,1
HOUSE ACCOUNT,0,LOTTERY PAYOUTS,null,null,1,-20,1
LOTTERY,0,GROCERY FOOD,null,null,1,0.99,1
EBT,0,GROCERY N TAX,null,null,1,3.73,1
COUPON,0,CIG PK,null,null,1,75.82,1
COUPON,0,GROCERY TAX,null,null,1,1.49,1
HOUSE ACCOUNT,0,Deli Cold,null,null,1,5.39,1
DEBIT,0,Instant Lottery,null,null,1,10,1
COUPON,0,LOTTERY PAY OUT,null,null,1,-6,1
DEBIT,0,COFFEE / CAPP,null,null,1,0.03,1
CASH,0,autoparts,null,null,1,5.99,1
CHECK,0,WATER,null,null,1,2.09,1
EBT,0,CIG PK,null,null,1,1.29,1
CHECK,0,TOBACCO COUP,null,null,1,-2.5,1
DEBIT,0,Lotto Sale,null,null,1,34,1
CASH,0,DESI GROCERY,null,null,1,2.09,1
CHECK,0,GRILL,null,null,1,2.99,1
CREDIT,0,POWERBALL SALE,null,null,1,10,1
LOTTERY,0,ENERGY DRINKS,null,null,1,2.89,1
CASH,0,DELI RESALE,null,null,1,100,1
COUPON,0,DELI COLD,null,null,1,2.47,1
DEBIT,0,merchandise,null,null,1,1.99,1
CHECK,0,SNACKS/CHIPS NONTAX,null,null,1,2.49,1
HOUSE ACCOUNT,0,Novelties,null,null,1,2.97,3
DEBIT,00045464187560,"""CABLE TIES,4""""-7""""-11 ASSTD",null,null,1,6,4
EBT,0,VAPE,null,null,1,18,1
COUPON,0,LOTTO Machine,null,null,1,35,1
CASH,0,donuts,null,null,1,1.5,1
COUPON,0,Grocery Tax,null,null,1,13.98,2
CASH,00045464302673,"""18"""" STEERING WHEEL COVER",null,null,1,6,26
DEBIT,0,Mobile Coupon,null,null,1,-2.5,1
COUPON,0,LOTTO-PO,null,null,1,-5,1
CREDIT,00029069020200,"""1"""" GOLD NUMB",null,null,1,6,3
COUPON,0,CIGARS,null,null,1,7.92,1
